match_id,match_datetime,duration_min,surrendered,team_a_avg_mmr,team_b_avg_mmr,team_a_win,patch
M00001,2026-02-15 14:51:38,45,0,1579.8,1630.8,0,26.9
M00002,2026-03-29 02:03:41,33,0,1675.2,1862.8,0,26.7
M00003,2026-02-19 05:48:26,34,0,1542.8,1613.0,1,26.8
M00004,2026-01-07 09:06:32,33,0,1487.2,1522.8,0,26.7
M00005,2026-08-27 08:34:33,37,0,1591.6,1609.4,0,26.7
M00006,2026-04-26 04:32:34,27,0,1766.8,1550.2,1,26.8
M00007,2026-03-21 00:52:34,16,0,1410.8,1449.6,0,26.5
M00008,2026-06-03 19:24:26,27,0,1647.8,1603.0,1,26.9
M00009,2026-01-02 21:06:56,33,0,1561.4,1626.6,0,26.9
M00010,2026-03-13 10:50:25,22,0,1486.2,1481.6,1,26.8
M00011,2026-06-30 16:18:37,27,0,1519.2,1407.2,1,26.8
M00012,2026-06-12 21:05:31,24,0,1602.4,1489.6,0,26.8
M00013,2026-09-10 07:46:44,37,0,1746.6,1434.8,0,26.8
M00014,2026-06-09 10:21:58,32,0,1376.6,1535.6,0,26.9
M00015,2026-05-03 17:15:22,32,0,1737.4,1348.2,1,26.8
M00016,2026-07-15 16:30:57,32,0,1784.4,1638.6,1,26.8
M00017,2026-08-21 03:43:34,28,0,1554.0,1354.6,0,26.7
M00018,2026-07-05 05:15:09,29,0,1565.2,1561.4,0,26.8
M00019,2026-09-05 13:05:12,21,0,1373.4,1478.6,1,26.9
M00020,2026-07-20 23:24:28,16,0,1538.2,1642.6,0,26.9
M00021,2026-08-11 18:25:52,29,0,1599.6,1472.4,0,26.7
M00022,2026-01-30 07:47:38,30,0,1562.2,1498.4,0,26.8
M00023,2026-07-08 05:31:35,35,0,1612.4,1465.0,0,26.6
M00024,2026-04-24 02:28:01,37,0,1742.4,1511.8,0,26.8
M00025,2026-05-23 03:32:39,37,0,1393.6,1528.2,0,26.6
M00026,2026-06-18 02:30:13,22,0,1326.6,1701.4,0,26.9
M00027,2026-09-07 05:49:10,26,0,1777.6,1735.4,1,26.7
M00028,2026-09-11 00:52:39,31,0,1655.4,1361.4,1,26.9
M00029,2026-03-16 01:47:30,43,0,1577.8,1759.4,0,26.7
M00030,2026-07-08 13:47:29,37,0,1928.8,1522.8,1,26.9
M00031,2026-07-12 17:53:54,35,0,1600.8,1529.2,0,26.5
M00032,2026-03-31 01:10:04,26,0,1475.0,1478.4,0,26.7
M00033,2026-02-01 20:01:43,23,0,1826.0,1517.8,1,26.7
M00034,2026-01-11 12:33:39,33,0,1738.8,1486.0,1,26.6
M00035,2026-07-19 18:39:08,21,0,1840.8,1568.6,1,26.8
M00036,2026-05-06 20:28:04,27,0,1606.4,1498.8,0,26.8
M00037,2026-09-11 06:48:42,27,0,1610.4,1648.2,1,26.8
M00038,2026-04-30 11:57:22,38,0,1624.2,1533.8,1,26.7
M00039,2026-09-09 07:47:30,26,0,1624.6,1633.4,0,26.9
M00040,2026-04-16 18:36:02,16,0,1929.2,1721.8,0,26.7
M00041,2026-07-23 23:25:53,31,0,1880.6,1466.4,1,26.8
M00042,2026-01-22 19:09:54,24,0,1691.8,1417.4,0,26.9
M00043,2026-05-23 18:05:16,28,0,1708.8,1298.8,1,26.8
M00044,2026-07-26 03:06:17,27,0,1670.0,1352.8,1,26.8
M00045,2026-08-26 15:33:35,26,0,1631.8,1409.0,1,26.9
M00046,2026-07-31 09:41:33,33,0,1806.8,1606.0,0,26.7
M00047,2026-01-10 12:02:07,19,0,1544.6,1629.4,0,26.8
M00048,2026-04-06 18:49:40,25,0,1574.4,1853.2,1,26.8
M00049,2026-01-13 12:22:19,32,0,1548.8,1797.8,0,26.8
M00050,2026-01-29 02:03:11,24,0,1566.6,1422.4,0,26.9
M00051,2026-06-23 13:17:06,18,0,1862.4,1574.4,1,26.6
M00052,2026-07-03 07:22:35,32,0,1815.8,1615.4,1,26.9
M00053,2026-07-18 20:18:33,35,0,1640.8,1528.2,1,26.6
M00054,2026-08-11 10:08:09,28,0,1406.8,1602.2,0,26.9
M00055,2026-07-10 00:48:47,16,0,1877.0,1582.6,0,26.9
M00056,2026-07-25 19:46:33,32,0,1521.8,1644.2,0,26.9
M00057,2026-01-13 14:00:29,18,0,1557.4,1560.2,1,26.5
M00058,2026-03-02 06:36:46,30,0,1759.0,1770.2,0,26.7
M00059,2026-06-09 19:51:55,23,0,1731.0,1632.4,1,26.5
M00060,2026-08-09 12:55:00,21,1,1370.8,1653.4,0,26.9
M00061,2026-01-02 03:45:24,25,0,1315.0,1693.4,1,26.7
M00062,2026-05-13 06:14:01,27,0,1519.6,1705.6,0,26.9
M00063,2026-06-24 01:30:31,24,0,1562.4,1616.6,0,26.8
M00064,2026-01-08 14:37:03,32,0,1327.0,1587.8,1,26.9
M00065,2026-04-14 03:33:39,25,0,1691.6,1585.0,1,26.8
M00066,2026-08-19 04:16:33,34,0,1629.6,1667.8,0,26.5
M00067,2026-06-22 14:30:28,30,0,1454.0,1628.0,0,26.5
M00068,2026-03-03 01:52:36,24,0,1423.6,1456.2,1,26.8
M00069,2026-08-08 03:57:14,23,0,1529.2,1553.0,0,26.7
M00070,2026-03-31 10:39:28,18,0,1907.4,1654.0,1,26.8
M00071,2026-08-08 07:25:47,30,0,1455.4,1435.4,0,26.9
M00072,2026-03-18 19:53:03,26,0,1567.0,1670.8,0,26.8
M00073,2026-06-01 17:05:43,16,1,1715.4,1480.2,1,26.9
M00074,2026-04-13 00:19:34,25,0,1608.6,1750.0,1,26.8
M00075,2026-03-12 15:07:15,23,0,1645.0,1596.6,1,26.5
M00076,2026-08-16 20:17:13,37,0,1706.4,1525.6,1,26.7
M00077,2026-02-18 05:04:40,18,0,1716.8,1898.0,1,26.5
M00078,2026-01-22 19:07:04,19,0,1328.2,1586.2,0,26.5
M00079,2026-03-29 21:00:19,35,0,1525.0,1426.6,1,26.5
M00080,2026-07-04 10:23:53,36,0,1451.6,1632.6,0,26.6
M00081,2026-07-27 12:14:17,24,0,1593.6,1589.0,1,26.8
M00082,2026-09-14 16:14:56,24,0,1601.2,1505.0,0,26.7
M00083,2026-03-18 03:57:40,32,0,1575.4,1627.0,1,26.6
M00084,2026-04-15 20:11:09,16,0,1716.4,1598.8,0,26.5
M00085,2026-02-05 03:54:49,17,0,1709.8,1468.0,0,26.7
M00086,2026-05-28 17:48:36,26,0,1621.4,1713.8,1,26.8
M00087,2026-09-14 09:04:25,37,0,1474.2,1499.6,0,26.8
M00088,2026-06-30 03:02:02,25,0,1301.0,1391.0,1,26.9
M00089,2026-06-02 23:16:22,29,0,1540.8,1943.2,0,26.8
M00090,2026-04-11 20:07:57,35,0,1431.8,1627.0,0,26.7
M00091,2026-08-24 05:33:45,41,0,1688.8,1611.2,1,26.7
M00092,2026-05-08 16:58:53,25,0,1653.6,1440.8,1,26.8
M00093,2026-02-04 12:46:30,28,0,1544.4,1555.4,1,26.7
M00094,2026-04-04 21:39:15,39,0,1666.6,1681.4,1,26.5
M00095,2026-01-18 06:17:02,19,1,1797.2,1510.0,1,26.9
M00096,2026-02-21 21:48:24,34,0,1473.4,1585.8,0,26.6
M00097,2026-01-05 12:58:51,22,0,1644.6,1369.8,1,26.7
M00098,2026-04-27 11:49:49,29,0,1537.0,1465.2,1,26.9
M00099,2026-06-13 01:50:39,27,0,1717.0,1524.8,1,26.7
M00100,2026-03-30 05:25:40,22,0,1583.6,1509.0,1,26.8
M00101,2026-04-19 00:54:53,22,1,1243.6,1390.8,0,26.5
M00102,2026-09-04 12:24:10,30,0,1800.6,1417.4,0,26.6
M00103,2026-07-13 06:06:30,34,0,1711.2,1423.0,1,26.8
M00104,2026-05-20 00:00:13,27,0,1410.0,1375.4,1,26.7
M00105,2026-03-15 03:02:53,28,0,1622.8,1750.4,0,26.7
M00106,2026-08-19 12:40:34,31,0,1535.6,1713.0,1,26.9
M00107,2026-03-02 10:04:44,22,0,1749.8,1280.8,1,26.8
M00108,2026-03-25 14:42:50,32,0,1600.8,1549.8,1,26.9
M00109,2026-08-22 15:06:42,33,0,1386.0,1763.2,1,26.7
M00110,2026-05-17 02:12:55,44,0,1429.4,1619.0,1,26.7
M00111,2026-07-10 18:37:01,26,0,1627.0,1665.0,0,26.5
M00112,2026-06-01 19:42:50,25,0,1440.2,1361.6,1,26.8
M00113,2026-06-17 22:24:46,33,0,1477.2,1605.8,0,26.9
M00114,2026-03-18 22:35:46,33,0,1593.6,1601.0,1,26.7
M00115,2026-03-04 00:46:58,25,0,1850.0,1758.2,1,26.6
M00116,2026-03-24 21:07:58,26,0,1604.8,1621.2,0,26.9
M00117,2026-02-09 22:45:48,31,0,1557.0,1647.6,0,26.7
M00118,2026-08-13 16:46:15,23,0,1522.6,1333.8,1,26.7
M00119,2026-03-14 19:04:01,26,0,1529.4,1483.4,1,26.7
M00120,2026-05-25 07:15:59,29,0,1840.0,1630.0,1,26.9
M00121,2026-07-23 12:53:53,34,0,1663.2,1626.8,1,26.8
M00122,2026-07-21 10:37:37,24,1,1405.0,1632.8,1,26.9
M00123,2026-04-23 15:57:59,17,0,1829.2,1727.4,1,26.8
M00124,2026-05-03 09:33:18,17,0,1668.0,1651.8,1,26.7
M00125,2026-09-13 15:19:13,20,0,1337.4,1586.2,0,26.9
M00126,2026-06-23 08:55:02,20,0,1412.2,1548.4,1,26.9
M00127,2026-07-29 08:41:23,27,0,1675.6,1479.8,0,26.5
M00128,2026-08-20 22:57:10,21,0,1644.4,1567.0,1,26.5
M00129,2026-07-22 09:51:14,24,0,1722.6,1645.6,0,26.6
M00130,2026-02-17 14:11:10,23,0,1524.0,1815.4,0,26.9
M00131,2026-05-25 11:28:08,25,0,1802.8,1548.6,0,26.8
M00132,2026-01-27 04:28:59,36,0,1605.8,1470.6,0,26.9
M00133,2026-06-17 19:13:25,32,0,1886.4,1939.2,0,26.5
M00134,2026-09-03 12:35:42,28,0,1355.8,1498.4,1,26.7
M00135,2026-05-12 18:31:52,25,0,1714.4,1603.2,1,26.9
M00136,2026-04-22 06:34:27,25,0,1574.4,1534.4,0,26.7
M00137,2026-01-10 05:04:41,30,0,1577.6,1666.0,1,26.9
M00138,2026-09-04 15:53:21,32,0,1828.2,1696.2,1,26.8
M00139,2026-01-27 11:19:14,23,0,1672.8,1549.0,1,26.9
M00140,2026-01-11 13:22:33,28,0,1751.0,1276.0,1,26.7
M00141,2026-03-05 05:44:19,16,0,1728.8,1419.0,1,26.7
M00142,2026-01-17 20:11:30,29,0,1557.8,1784.0,0,26.9
M00143,2026-04-27 23:10:00,33,0,1649.6,1453.6,0,26.5
M00144,2026-05-13 15:13:46,26,0,1430.8,1488.4,1,26.9
M00145,2026-03-22 07:55:53,39,0,1411.6,1655.2,0,26.9
M00146,2026-01-14 02:19:27,23,0,1548.8,1427.4,1,26.8
M00147,2026-01-29 16:21:03,29,0,1534.4,1742.6,1,26.6
M00148,2026-04-09 19:37:22,28,0,1598.0,1629.0,1,26.5
M00149,2026-01-16 13:20:22,27,0,1743.2,1528.8,0,26.9
M00150,2026-06-29 10:26:03,27,0,1729.0,1570.2,1,26.8
M00151,2026-02-23 04:54:09,29,0,1566.2,1453.0,0,26.7
M00152,2026-03-19 15:10:38,33,0,1623.4,1619.6,1,26.7
M00153,2026-04-12 06:58:04,36,0,1604.6,1664.2,0,26.7
M00154,2026-04-18 01:38:53,28,0,1624.4,1383.0,1,26.6
M00155,2026-01-01 10:14:35,33,0,1766.4,1741.6,0,26.6
M00156,2026-01-29 19:15:00,24,0,1525.4,1556.6,1,26.9
M00157,2026-08-10 17:31:54,33,0,1577.6,1295.6,1,26.7
M00158,2026-01-01 07:36:19,23,0,1379.2,1496.6,0,26.8
M00159,2026-05-11 14:22:34,35,0,1699.6,1448.4,1,26.6
M00160,2026-05-06 19:14:54,41,0,1287.8,1537.4,1,26.6
M00161,2026-03-27 14:31:29,27,0,1786.0,1610.4,1,26.9
M00162,2026-04-21 20:25:30,16,0,1708.8,1533.6,1,26.8
M00163,2026-07-20 14:37:28,25,0,1654.8,1583.2,1,26.7
M00164,2026-08-05 04:32:40,35,0,1647.2,1627.6,1,26.5
M00165,2026-03-08 21:49:47,31,0,1383.4,1576.6,0,26.8
M00166,2026-03-24 21:07:15,29,0,1488.8,1792.4,0,26.5
M00167,2026-03-04 07:38:03,34,0,1560.8,1538.4,0,26.9
M00168,2026-05-04 07:47:50,31,0,1607.6,1735.2,1,26.9
M00169,2026-06-25 14:20:15,35,0,1412.4,1305.8,1,26.8
M00170,2026-02-28 15:51:49,34,0,1540.8,1538.6,0,26.8
M00171,2026-03-26 23:58:41,37,0,1549.0,1483.4,0,26.7
M00172,2026-08-28 02:36:44,30,0,1499.2,1657.2,0,26.7
M00173,2026-01-13 11:34:31,33,0,1493.2,1581.6,1,26.6
M00174,2026-04-29 10:01:36,26,0,1722.0,1356.6,1,26.6
M00175,2026-07-02 20:53:24,24,0,1625.6,1628.6,1,26.8
M00176,2026-02-08 16:00:01,38,0,1326.0,1533.4,0,26.6
M00177,2026-01-13 04:12:10,29,0,1541.8,1489.2,0,26.6
M00178,2026-02-05 12:27:02,33,0,1838.4,1408.0,1,26.7
M00179,2026-08-25 03:18:05,29,0,1493.2,1562.6,0,26.8
M00180,2026-01-03 09:06:51,24,1,1636.6,1571.0,0,26.7
M00181,2026-02-18 09:34:11,28,0,1505.2,1398.2,1,26.9
M00182,2026-01-09 00:57:24,37,0,1439.6,1653.2,1,26.8
M00183,2026-01-29 10:21:45,31,0,1402.4,1629.4,0,26.8
M00184,2026-06-09 09:04:50,18,0,1630.6,1339.8,1,26.5
M00185,2026-03-04 02:25:43,27,0,1631.8,1438.6,1,26.5
M00186,2026-05-27 06:53:59,39,0,1499.6,1504.8,0,26.9
M00187,2026-06-01 16:19:30,27,0,1487.0,1400.4,1,26.6
M00188,2026-08-07 07:19:01,17,0,1627.2,1694.8,0,26.7
M00189,2026-01-02 05:14:41,39,0,1416.6,1368.8,0,26.7
M00190,2026-08-08 07:34:58,32,0,1689.0,1597.6,0,26.9
M00191,2026-06-09 02:43:35,28,0,1734.6,1369.8,1,26.8
M00192,2026-02-11 19:48:06,26,0,1739.0,1379.2,0,26.9
M00193,2026-07-18 15:28:40,34,0,1686.0,1466.2,1,26.8
M00194,2026-08-08 20:40:18,25,0,1655.8,1750.0,1,26.9
M00195,2026-03-07 08:17:49,35,0,1808.2,1826.8,0,26.8
M00196,2026-08-25 03:07:09,31,0,1590.8,1848.8,0,26.6
M00197,2026-04-27 19:05:36,29,0,1655.0,1597.4,1,26.5
M00198,2026-06-05 01:55:19,29,0,1639.6,1529.2,1,26.6
M00199,2026-09-11 01:19:05,27,0,1745.6,1610.8,1,26.6
M00200,2026-04-03 21:57:16,34,0,1926.8,1459.8,0,26.6
M00201,2026-07-28 23:34:00,23,0,1466.0,1748.4,0,26.5
M00202,2026-03-23 19:53:08,18,0,1726.4,1741.6,1,26.9
M00203,2026-07-25 09:32:56,32,0,1496.2,1680.0,0,26.9
M00204,2026-06-04 09:19:36,32,0,1578.6,1408.6,0,26.9
M00205,2026-02-25 14:28:54,31,0,1702.2,1547.4,1,26.9
M00206,2026-04-17 09:42:46,30,0,1779.2,1347.2,1,26.9
M00207,2026-03-23 15:10:35,26,0,1564.6,1654.0,0,26.6
M00208,2026-01-21 01:46:21,33,0,1670.4,1629.4,1,26.8
M00209,2026-01-08 16:01:15,28,0,1600.0,1505.8,1,26.8
M00210,2026-03-31 01:04:49,25,0,1961.0,1462.8,1,26.9
M00211,2026-01-05 21:24:09,26,0,1492.6,1530.8,0,26.9
M00212,2026-02-12 12:43:42,40,0,1625.0,1676.2,1,26.9
M00213,2026-07-06 08:55:50,18,0,1744.0,1809.4,1,26.7
M00214,2026-07-01 23:30:24,31,0,1629.4,1647.4,1,26.9
M00215,2026-07-09 19:33:49,18,0,1446.8,1500.4,0,26.9
M00216,2026-03-23 12:12:02,27,0,1584.8,1871.6,0,26.9
M00217,2026-08-17 17:38:24,25,0,1481.8,1718.2,1,26.7
M00218,2026-06-02 14:44:48,16,1,1836.6,1700.8,0,26.7
M00219,2026-02-02 09:19:49,30,0,1614.0,1470.2,1,26.7
M00220,2026-02-06 22:27:24,26,0,1687.8,1503.0,1,26.9
M00221,2026-06-28 03:00:45,16,0,1420.8,1492.0,0,26.9
M00222,2026-02-14 10:43:05,33,0,1618.0,1754.6,0,26.9
M00223,2026-05-11 08:58:52,37,0,1583.8,1504.6,1,26.9
M00224,2026-09-12 21:15:53,37,0,1842.0,1555.4,1,26.5
M00225,2026-01-02 00:43:08,30,0,1656.6,1591.4,0,26.6
M00226,2026-01-05 06:15:51,28,0,1481.2,1887.0,0,26.9
M00227,2026-09-13 05:20:44,36,0,1731.6,1411.2,0,26.7
M00228,2026-05-31 06:03:08,38,0,1657.4,1251.8,1,26.9
M00229,2026-02-02 14:46:50,35,0,1616.8,1502.6,0,26.8
M00230,2026-08-19 14:33:35,22,0,1733.8,1515.2,0,26.9
M00231,2026-08-15 06:11:08,29,0,1533.6,1754.8,0,26.9
M00232,2026-05-18 19:17:02,31,0,1969.8,1563.6,1,26.7
M00233,2026-06-09 19:12:47,17,0,1452.4,1562.6,0,26.9
M00234,2026-03-12 05:01:06,31,0,1474.2,1917.4,0,26.8
M00235,2026-01-13 23:36:19,42,0,1587.4,1776.2,0,26.8
M00236,2026-06-02 19:17:34,32,0,1422.6,1331.2,1,26.8
M00237,2026-03-17 18:03:00,37,0,1441.8,1866.0,0,26.9
M00238,2026-06-20 13:12:52,29,0,1836.2,1681.2,1,26.8
M00239,2026-08-03 21:57:36,28,0,1760.2,1274.0,1,26.8
M00240,2026-01-05 16:00:51,30,0,1665.0,1625.2,1,26.7
M00241,2026-06-03 02:21:45,23,0,1568.6,1720.6,1,26.9
M00242,2026-03-01 10:32:18,22,1,1621.0,1687.8,0,26.8
M00243,2026-08-13 14:08:39,36,0,1368.6,1857.6,0,26.8
M00244,2026-03-07 04:36:09,36,0,1725.4,1519.0,0,26.8
M00245,2026-06-06 23:13:48,22,0,1484.0,1701.2,0,26.9
M00246,2026-05-23 06:14:23,34,0,1434.8,1607.0,0,26.9
M00247,2026-04-12 19:33:17,27,0,1816.6,1537.8,1,26.7
M00248,2026-06-24 03:33:53,30,0,1501.8,1465.2,1,26.8
M00249,2026-07-06 12:32:49,31,0,1540.4,1653.4,1,26.7
M00250,2026-05-26 16:52:20,34,0,1813.8,1672.2,1,26.7
M00251,2026-07-14 21:56:54,28,0,1608.4,1416.6,1,26.6
M00252,2026-09-10 17:42:59,36,0,1399.8,1660.6,0,26.7
M00253,2026-04-18 18:04:19,30,0,1693.4,1948.2,1,26.9
M00254,2026-05-13 05:56:53,32,0,1682.8,1373.2,1,26.8
M00255,2026-01-04 04:54:51,23,0,1506.6,1626.0,1,26.7
M00256,2026-07-24 13:54:14,41,0,1687.6,1562.0,1,26.6
M00257,2026-05-14 16:46:44,31,0,1695.2,1453.0,1,26.6
M00258,2026-04-15 20:18:21,32,0,1626.6,1726.6,0,26.6
M00259,2026-01-25 04:14:09,18,0,1496.6,1643.0,0,26.9
M00260,2026-08-17 15:24:02,23,0,1662.8,1501.0,1,26.9
M00261,2026-04-12 12:24:16,35,0,1410.2,1592.0,0,26.8
M00262,2026-06-25 10:09:47,30,0,1713.6,1717.0,1,26.8
M00263,2026-02-08 09:20:23,17,0,1472.0,1700.6,0,26.8
M00264,2026-09-05 02:50:17,34,0,1888.2,1660.0,1,26.9
M00265,2026-02-15 20:37:43,25,0,1755.0,1642.2,1,26.7
M00266,2026-02-21 06:46:30,36,0,1719.4,1474.0,1,26.7
M00267,2026-08-09 18:12:22,27,0,1450.4,1542.2,0,26.6
M00268,2026-08-23 12:48:37,29,0,1693.2,1609.0,1,26.9
M00269,2026-02-24 12:31:30,35,0,1550.0,1605.2,1,26.7
M00270,2026-05-01 17:43:54,23,0,1563.2,1835.4,1,26.6
M00271,2026-07-08 12:11:47,22,0,1583.6,1514.8,1,26.7
M00272,2026-08-14 17:45:35,27,0,1913.6,1460.0,1,26.8
M00273,2026-04-08 09:59:49,33,0,1374.8,1771.4,0,26.8
M00274,2026-05-13 20:58:34,20,0,1537.4,1734.6,0,26.9
M00275,2026-07-10 14:54:24,18,0,1530.0,1594.8,0,26.6
M00276,2026-07-07 21:38:48,33,0,1749.8,1372.2,1,26.5
M00277,2026-07-21 05:17:53,24,0,1667.4,1848.6,1,26.7
M00278,2026-05-27 11:21:06,26,0,1582.8,1622.2,0,26.8
M00279,2026-01-27 21:15:57,17,0,1619.0,1479.8,1,26.8
M00280,2026-08-21 07:42:26,24,0,1569.8,1559.8,0,26.9
M00281,2026-08-11 10:51:05,28,0,1425.8,1523.8,1,26.8
M00282,2026-07-25 02:39:53,34,0,1662.8,1562.0,1,26.7
M00283,2026-01-26 15:57:06,23,0,1868.6,2016.4,0,26.8
M00284,2026-02-22 12:43:22,38,0,1546.6,1394.0,0,26.9
M00285,2026-07-11 02:31:37,24,0,1366.0,1644.2,1,26.9
M00286,2026-01-06 22:43:41,24,0,1684.8,1544.6,0,26.5
M00287,2026-09-09 15:51:27,37,0,1485.8,1735.4,0,26.6
M00288,2026-04-07 22:13:42,29,0,1547.4,1480.4,0,26.8
M00289,2026-07-04 20:43:10,25,0,1647.6,1464.4,1,26.9
M00290,2026-08-17 02:32:18,27,0,1588.8,1654.2,0,26.6
M00291,2026-04-12 10:04:37,36,0,1624.4,1352.6,1,26.9
M00292,2026-03-24 00:24:33,37,0,1643.2,1557.0,0,26.7
M00293,2026-06-06 10:42:55,23,0,1663.4,1756.0,1,26.6
M00294,2026-05-30 07:32:32,28,0,1642.8,1858.4,1,26.6
M00295,2026-04-16 03:34:31,29,0,1369.2,1646.6,0,26.6
M00296,2026-06-04 15:44:48,22,0,1508.0,1769.2,0,26.9
M00297,2026-08-29 09:25:56,28,0,1401.4,1726.6,0,26.8
M00298,2026-05-01 04:24:18,28,0,1393.2,1539.6,0,26.8
M00299,2026-02-20 13:30:20,35,0,1630.8,1577.4,1,26.7
M00300,2026-04-07 22:36:23,35,0,1608.2,1488.0,0,26.7
M00301,2026-04-12 06:51:06,26,0,1479.0,1488.0,1,26.9
M00302,2026-02-03 16:40:42,27,0,1786.0,1638.2,0,26.9
M00303,2026-02-11 20:35:29,32,0,1374.2,1615.4,0,26.6
M00304,2026-06-25 22:22:43,24,0,1767.8,1712.8,0,26.9
M00305,2026-03-29 05:53:55,32,0,1739.0,1565.4,1,26.7
M00306,2026-09-03 09:48:47,27,0,1309.4,1642.8,0,26.6
M00307,2026-03-04 14:30:17,22,0,1450.4,1476.6,0,26.6
M00308,2026-01-26 10:09:58,22,0,1593.4,1548.4,0,26.7
M00309,2026-07-13 15:36:58,37,0,1670.0,1572.4,1,26.8
M00310,2026-08-15 10:13:49,27,0,1708.4,1528.8,1,26.8
M00311,2026-03-13 11:24:11,38,0,1649.6,1458.8,0,26.9
M00312,2026-02-21 22:28:45,25,0,1458.4,1513.0,1,26.7
M00313,2026-02-17 17:48:19,30,0,1779.6,1562.2,1,26.7
M00314,2026-05-15 03:46:18,42,0,1410.6,1774.0,0,26.8
M00315,2026-05-01 09:11:37,22,0,1844.0,1814.2,0,26.6
M00316,2026-03-08 16:13:29,17,0,1675.4,1671.2,1,26.9
M00317,2026-01-12 14:37:40,36,0,1609.8,1656.6,0,26.8
M00318,2026-05-04 17:50:18,23,0,1782.2,1626.2,1,26.9
M00319,2026-09-04 13:09:42,28,0,1387.0,1617.0,1,26.8
M00320,2026-06-17 16:44:18,24,0,1505.0,1757.2,0,26.7
M00321,2026-05-08 08:17:03,30,0,1859.2,1495.0,1,26.7
M00322,2026-01-29 10:44:55,22,0,1380.2,1683.0,0,26.8
M00323,2026-03-06 21:01:37,27,0,1606.0,1688.0,1,26.6
M00324,2026-03-17 18:09:56,31,0,1698.6,1606.2,0,26.7
M00325,2026-07-16 13:18:29,22,0,1437.0,1452.6,1,26.9
M00326,2026-08-14 07:33:07,24,0,1601.6,1468.4,1,26.9
M00327,2026-08-20 17:19:37,26,0,1760.4,1383.4,1,26.6
M00328,2026-09-11 00:49:09,19,0,1509.0,1822.2,0,26.9
M00329,2026-09-10 11:14:15,25,0,1735.6,1438.2,1,26.7
M00330,2026-09-02 22:05:55,29,0,1495.6,1682.8,0,26.6
M00331,2026-01-19 10:59:56,26,0,1756.2,1656.6,1,26.5
M00332,2026-02-05 09:54:37,26,0,1497.6,1471.6,1,26.7
M00333,2026-03-20 05:56:58,28,0,1596.2,1727.6,1,26.8
M00334,2026-05-23 02:16:35,24,0,1581.8,1474.6,1,26.7
M00335,2026-01-25 22:09:34,32,0,1932.0,1299.8,1,26.5
M00336,2026-08-06 08:52:32,37,0,1612.6,1598.6,1,26.6
M00337,2026-06-08 12:09:07,25,0,1615.0,1425.4,0,26.9
M00338,2026-05-20 09:18:13,31,0,1730.2,1613.2,0,26.9
M00339,2026-02-12 11:38:24,27,0,1552.4,1430.8,1,26.9
M00340,2026-03-07 02:04:47,30,0,1467.2,1695.0,0,26.8
M00341,2026-02-11 04:48:16,37,0,1698.8,1577.4,1,26.5
M00342,2026-08-07 22:43:25,31,0,1694.4,1497.6,1,26.9
M00343,2026-05-31 03:31:02,17,0,1539.4,1823.0,0,26.9
M00344,2026-07-08 22:16:41,31,0,1731.8,1542.0,0,26.8
M00345,2026-03-18 01:55:50,35,0,1560.4,1410.8,0,26.8
M00346,2026-04-06 09:53:10,27,0,1970.4,1766.6,1,26.8
M00347,2026-04-15 01:08:43,34,0,1770.4,1491.4,1,26.9
M00348,2026-07-15 07:46:20,24,1,1420.8,1669.6,0,26.9
M00349,2026-07-18 11:52:23,19,0,1656.8,1697.8,0,26.7
M00350,2026-02-23 03:37:33,29,0,1408.4,1402.0,0,26.8
M00351,2026-08-30 23:24:42,17,0,1839.4,1705.2,1,26.7
M00352,2026-02-01 00:12:07,27,0,1456.4,1614.0,0,26.8
M00353,2026-08-19 07:16:51,36,0,1382.4,1712.6,0,26.8
M00354,2026-01-26 19:14:25,17,0,1664.4,1620.4,1,26.6
M00355,2026-03-09 23:40:53,20,0,1815.2,1743.2,0,26.8
M00356,2026-08-06 13:04:46,22,0,1572.2,1644.4,0,26.9
M00357,2026-02-16 03:06:25,28,0,1725.0,1778.2,0,26.9
M00358,2026-04-17 06:53:13,26,0,1647.6,1657.8,0,26.6
M00359,2026-04-26 14:43:55,36,0,1565.6,1404.0,0,26.6
M00360,2026-03-05 00:45:26,34,0,1652.2,1704.8,0,26.5
M00361,2026-07-02 12:47:32,31,0,1796.6,1622.0,1,26.8
M00362,2026-08-07 19:01:55,29,0,1678.4,1499.0,1,26.9
M00363,2026-08-13 18:22:46,30,0,1474.8,1479.2,0,26.7
M00364,2026-03-29 04:56:20,23,0,1437.8,1636.6,0,26.9
M00365,2026-05-17 10:17:06,33,0,1664.4,1407.8,1,26.7
M00366,2026-03-05 20:10:14,21,0,1696.8,1390.2,0,26.9
M00367,2026-03-04 21:54:17,33,0,1482.0,1787.8,0,26.7
M00368,2026-02-11 10:36:54,35,0,1611.4,1797.4,0,26.7
M00369,2026-08-30 14:02:14,29,0,1548.4,1572.4,0,26.6
M00370,2026-08-17 05:06:54,27,0,1631.6,1620.6,0,26.6
M00371,2026-07-19 18:44:54,30,0,1600.0,1675.8,1,26.9
M00372,2026-05-14 00:56:10,16,0,1450.6,1369.4,1,26.9
M00373,2026-05-07 02:04:10,30,0,1510.0,1605.8,1,26.7
M00374,2026-05-17 03:28:16,27,0,1630.0,1634.4,0,26.6
M00375,2026-05-18 21:33:05,28,0,1440.0,1518.6,1,26.8
M00376,2026-04-22 16:23:06,32,0,1852.8,1244.6,1,26.8
M00377,2026-02-03 20:39:49,28,0,1420.8,1463.8,1,26.7
M00378,2026-02-02 07:05:40,21,0,1526.6,1620.8,0,26.7
M00379,2026-09-02 17:28:34,27,0,1375.8,1640.0,1,26.8
M00380,2026-05-04 21:09:56,28,0,1347.8,1802.6,0,26.7
M00381,2026-09-02 23:22:18,29,0,1712.2,1700.0,1,26.8
M00382,2026-02-12 00:56:31,29,0,1766.8,1914.4,0,26.7
M00383,2026-05-23 11:38:28,34,0,1611.6,1581.6,1,26.6
M00384,2026-02-23 09:12:00,21,0,1796.8,1788.2,0,26.8
M00385,2026-03-07 01:38:33,29,0,1688.2,1611.6,0,26.5
M00386,2026-01-08 17:22:35,36,0,1944.2,1454.8,1,26.5
M00387,2026-01-31 13:42:14,18,0,1707.4,1592.2,1,26.9
M00388,2026-08-24 15:07:15,29,0,1730.4,1447.0,1,26.9
M00389,2026-03-24 15:12:55,24,0,1463.0,1541.6,0,26.7
M00390,2026-06-06 06:56:27,26,0,1503.0,1561.0,0,26.8
M00391,2026-04-30 12:12:25,23,0,1549.6,1489.8,0,26.7
M00392,2026-04-13 21:58:59,27,0,1714.0,1436.4,0,26.7
M00393,2026-05-17 16:40:24,39,0,1685.6,1685.6,1,26.9
M00394,2026-02-18 02:53:23,20,0,1433.6,1702.0,1,26.9
M00395,2026-09-12 01:42:31,21,0,1684.8,1519.0,0,26.8
M00396,2026-07-30 07:19:22,20,0,1653.6,1707.6,0,26.7
M00397,2026-07-10 14:16:44,38,0,1474.6,1563.4,0,26.9
M00398,2026-05-01 11:18:26,25,0,1532.8,1708.6,0,26.9
M00399,2026-02-09 06:56:45,28,0,1563.0,1770.2,0,26.5
M00400,2026-08-25 14:40:01,26,0,1664.8,1698.0,1,26.6
M00401,2026-03-29 17:40:31,22,0,1508.4,1652.0,0,26.8
M00402,2026-01-13 21:03:29,27,0,1800.2,1720.8,1,26.8
M00403,2026-03-29 23:56:45,43,0,1554.0,1907.0,0,26.9
M00404,2026-07-24 04:12:39,36,0,1662.4,1723.6,0,26.8
M00405,2026-06-10 00:52:03,23,0,1578.8,1608.0,0,26.8
M00406,2026-07-12 23:10:20,32,0,1330.8,1608.8,0,26.6
M00407,2026-07-23 23:08:34,23,0,1833.8,1455.6,1,26.9
M00408,2026-02-24 11:20:09,17,0,1687.0,1852.2,1,26.5
M00409,2026-08-26 09:53:43,34,0,1749.8,1683.8,1,26.5
M00410,2026-04-23 13:31:11,35,0,1410.6,1695.6,0,26.8
M00411,2026-06-14 05:26:10,34,0,1437.2,1685.4,0,26.8
M00412,2026-01-01 14:14:25,25,0,1320.0,1695.6,0,26.9
M00413,2026-09-13 07:05:48,27,0,1482.8,1829.2,0,26.7
M00414,2026-03-14 04:34:08,32,0,1548.2,1624.4,0,26.5
M00415,2026-01-16 22:48:18,30,0,1517.2,1600.4,0,26.6
M00416,2026-04-28 18:33:36,26,0,1498.4,1707.2,0,26.6
M00417,2026-02-03 03:51:26,18,0,1668.2,1694.8,0,26.6
M00418,2026-02-09 03:33:04,29,0,1794.2,1483.0,1,26.9
M00419,2026-06-12 11:55:13,34,0,1452.4,1654.2,0,26.9
M00420,2026-04-11 23:34:34,21,0,1617.8,1574.6,0,26.8
M00421,2026-08-25 21:59:09,32,0,1426.0,1619.4,0,26.9
M00422,2026-03-24 00:33:26,30,0,1561.0,1871.8,0,26.8
M00423,2026-07-06 15:04:44,33,0,1712.4,1449.6,1,26.8
M00424,2026-04-29 12:03:40,33,0,1709.4,1779.2,0,26.6
M00425,2026-06-19 14:34:46,24,0,1627.8,1705.8,1,26.7
M00426,2026-06-04 02:55:15,18,0,1462.0,1479.0,0,26.8
M00427,2026-05-02 12:07:53,25,0,1698.4,1599.6,1,26.8
M00428,2026-09-02 03:58:36,33,0,1597.8,1616.2,0,26.7
M00429,2026-03-30 01:51:27,25,0,1771.2,1649.4,0,26.9
M00430,2026-02-15 13:11:18,24,0,1778.4,1438.2,1,26.7
M00431,2026-06-24 06:29:03,17,0,1578.4,1460.0,1,26.8
M00432,2026-08-06 10:10:28,39,0,1637.2,1561.2,1,26.7
M00433,2026-01-11 08:17:06,33,0,1720.0,1694.2,0,26.9
M00434,2026-04-26 13:20:03,33,0,1404.8,1584.8,0,26.5
M00435,2026-08-18 08:51:50,34,0,1566.2,1546.2,0,26.7
M00436,2026-07-12 15:38:51,31,0,1697.2,1514.4,1,26.5
M00437,2026-09-12 21:28:11,27,0,1645.4,1572.2,1,26.9
M00438,2026-05-17 13:45:37,27,0,1589.2,1762.8,0,26.6
M00439,2026-06-19 14:51:12,25,0,1559.4,1609.0,0,26.6
M00440,2026-03-19 17:41:54,44,0,1815.6,1371.6,1,26.6
M00441,2026-09-01 12:23:58,31,0,1825.6,1463.0,1,26.9
M00442,2026-04-05 03:33:26,25,0,1448.2,1425.2,0,26.7
M00443,2026-07-09 19:08:02,31,0,1770.0,1534.0,0,26.6
M00444,2026-04-14 14:34:07,22,0,1701.4,1832.0,1,26.8
M00445,2026-05-25 09:17:56,37,0,1677.0,1923.4,0,26.9
M00446,2026-07-04 23:37:07,24,0,1456.2,1341.4,1,26.8
M00447,2026-05-11 19:06:21,31,0,1646.2,1682.0,0,26.6
M00448,2026-08-22 02:54:30,34,0,1569.0,1750.4,0,26.8
M00449,2026-04-18 18:14:54,30,0,1565.6,1560.2,1,26.9
M00450,2026-06-16 07:08:19,29,0,1489.6,1617.0,0,26.7
M00451,2026-03-29 23:41:29,28,0,1578.8,1274.0,1,26.6
M00452,2026-04-15 21:30:37,28,0,1647.0,1640.6,0,26.8
M00453,2026-04-24 02:13:44,25,0,1226.8,1735.2,0,26.8
M00454,2026-02-02 07:58:39,25,0,1603.8,1472.8,1,26.8
M00455,2026-01-24 13:45:05,37,0,1710.2,1881.0,0,26.8
M00456,2026-06-21 13:04:40,27,0,1550.2,1452.8,0,26.6
M00457,2026-06-18 11:14:00,23,0,1527.2,1503.0,1,26.8
M00458,2026-06-20 08:49:37,25,0,1690.2,1575.4,1,26.7
M00459,2026-01-06 01:55:09,35,0,1603.2,1672.0,1,26.9
M00460,2026-03-25 22:08:27,32,0,1410.2,1676.6,0,26.9
M00461,2026-02-20 20:05:28,31,0,1488.6,1765.2,0,26.5
M00462,2026-07-19 23:38:16,26,0,1560.4,1505.2,0,26.7
M00463,2026-08-10 04:22:05,31,0,1789.2,1476.0,1,26.8
M00464,2026-03-05 09:31:28,24,0,1576.6,1625.6,0,26.9
M00465,2026-06-21 15:17:37,26,0,1638.6,1562.0,0,26.9
M00466,2026-02-03 05:54:35,34,0,1601.4,1621.8,0,26.7
M00467,2026-03-12 17:08:26,33,0,1649.2,1691.0,1,26.8
M00468,2026-02-05 15:13:15,22,0,1693.2,1599.2,1,26.9
M00469,2026-03-14 20:45:21,23,0,1778.8,1341.4,1,26.6
M00470,2026-06-23 09:46:30,29,0,1624.4,1663.8,0,26.6
M00471,2026-08-22 22:53:46,38,0,1543.6,1887.4,0,26.7
M00472,2026-02-22 01:09:29,17,0,1685.4,1948.2,0,26.5
M00473,2026-05-20 07:32:36,30,0,1810.6,1379.8,1,26.7
M00474,2026-06-30 06:10:49,20,0,1620.0,1848.8,0,26.5
M00475,2026-09-02 21:37:32,24,0,1399.6,1506.2,0,26.6
M00476,2026-06-06 18:51:11,26,0,1480.4,1630.2,1,26.6
M00477,2026-03-07 13:29:58,25,0,1526.2,1491.0,0,26.9
M00478,2026-06-10 17:56:57,25,0,1563.4,1525.2,0,26.7
M00479,2026-03-24 08:47:22,28,0,1542.2,1833.8,0,26.9
M00480,2026-09-08 20:45:35,25,0,1442.8,1795.4,0,26.5
M00481,2026-04-13 17:12:08,19,0,1720.0,1584.6,1,26.8
M00482,2026-06-26 03:43:05,33,0,1550.2,1739.0,0,26.8
M00483,2026-01-06 23:16:03,33,0,1597.2,1675.2,0,26.7
M00484,2026-04-13 19:34:44,33,0,1648.0,1474.4,1,26.8
M00485,2026-08-13 21:39:49,19,0,1495.4,1629.8,0,26.7
M00486,2026-06-06 19:52:58,30,0,1525.4,1584.6,1,26.7
M00487,2026-04-25 02:14:23,32,0,1674.6,1739.0,1,26.8
M00488,2026-08-29 12:51:44,22,0,1500.0,1553.4,1,26.6
M00489,2026-08-08 11:22:32,28,0,1660.0,1735.6,0,26.7
M00490,2026-03-24 19:25:34,27,0,1761.0,1631.0,1,26.5
M00491,2026-05-20 22:46:28,39,0,1647.0,1553.2,1,26.6
M00492,2026-05-06 21:14:09,40,0,1630.0,1834.4,0,26.9
M00493,2026-06-12 11:25:30,18,1,1378.2,1657.6,0,26.6
M00494,2026-03-27 20:47:53,43,0,1784.8,1632.8,0,26.9
M00495,2026-03-04 18:15:23,23,0,1739.4,1575.2,0,26.9
M00496,2026-08-23 13:21:35,34,0,1341.6,1694.4,0,26.8
M00497,2026-08-26 10:27:28,34,0,1743.8,1837.0,1,26.9
M00498,2026-08-05 17:36:56,22,0,1424.4,1652.4,0,26.9
M00499,2026-09-09 09:33:53,31,0,1569.0,1765.4,0,26.9
M00500,2026-07-11 11:06:27,27,0,1661.4,1773.4,1,26.5
M00501,2026-07-16 12:28:02,31,0,1897.6,1377.4,1,26.8
M00502,2026-07-15 23:39:20,29,0,1514.8,1916.0,0,26.6
M00503,2026-05-04 12:23:16,35,0,1704.6,1575.6,1,26.6
M00504,2026-04-28 07:23:49,28,0,1705.4,1722.2,1,26.6
M00505,2026-03-03 17:42:56,27,0,1674.4,1416.4,0,26.7
M00506,2026-06-15 17:14:41,35,0,1293.8,1531.6,0,26.8
M00507,2026-03-16 08:31:35,31,0,1806.4,1688.0,0,26.6
M00508,2026-03-08 06:09:44,32,0,1552.6,1528.8,1,26.6
M00509,2026-05-31 14:12:35,24,0,1563.2,1274.0,1,26.9
M00510,2026-04-16 08:46:16,22,0,1834.4,1289.0,1,26.7
M00511,2026-02-26 05:54:27,25,0,1459.8,1538.6,0,26.6
M00512,2026-07-29 17:26:00,24,0,1716.0,1739.0,0,26.9
M00513,2026-08-10 03:59:42,33,0,1616.0,1695.4,1,26.8
M00514,2026-02-13 02:22:14,34,0,1458.6,1784.6,1,26.5
M00515,2026-01-02 22:18:12,27,0,1752.0,1531.4,1,26.8
M00516,2026-03-28 09:14:58,37,0,1775.4,1559.2,1,26.8
M00517,2026-07-24 23:02:48,36,0,1430.6,1891.0,0,26.9
M00518,2026-08-04 16:01:27,29,0,1347.6,1604.2,1,26.7
M00519,2026-02-05 13:12:49,23,0,1632.6,1451.0,1,26.6
M00520,2026-07-19 00:06:13,37,0,1723.0,1772.6,1,26.7
M00521,2026-01-30 17:39:47,28,0,1427.4,1377.8,0,26.9
M00522,2026-04-11 05:54:21,29,0,1632.4,1739.8,1,26.7
M00523,2026-09-14 15:25:24,26,0,1605.8,1700.4,0,26.9
M00524,2026-02-19 11:54:00,23,0,1578.6,1569.2,0,26.9
M00525,2026-02-09 13:38:50,19,0,1984.8,1628.2,0,26.6
M00526,2026-04-19 15:49:56,32,0,1532.6,1425.8,1,26.5
M00527,2026-06-09 06:06:55,23,1,1687.4,1864.6,0,26.7
M00528,2026-08-28 18:07:55,46,0,1365.4,1610.4,0,26.5
M00529,2026-09-10 01:42:17,21,0,1585.4,1503.4,1,26.7
M00530,2026-01-18 21:32:36,20,0,1548.4,1821.2,0,26.8
M00531,2026-02-05 11:10:07,31,0,1691.6,1900.4,0,26.6
M00532,2026-07-23 05:16:18,37,0,1391.4,1801.8,0,26.9
M00533,2026-03-11 13:15:32,28,0,1501.0,1737.0,0,26.7
M00534,2026-08-16 09:44:56,31,0,1837.0,1498.0,1,26.9
M00535,2026-06-20 12:10:46,17,0,1418.8,1673.0,0,26.8
M00536,2026-01-29 17:51:31,24,0,1401.6,1552.6,1,26.9
M00537,2026-08-02 23:02:26,22,0,1594.0,1390.4,0,26.9
M00538,2026-02-15 07:45:58,17,0,1467.6,1720.6,0,26.7
M00539,2026-04-19 20:07:10,29,0,1592.4,1596.2,0,26.6
M00540,2026-05-22 21:52:35,16,0,1604.6,1569.8,0,26.9
M00541,2026-05-09 16:43:32,20,1,1818.6,1709.0,1,26.8
M00542,2026-06-26 08:15:10,25,0,1560.8,1459.2,1,26.6
M00543,2026-06-17 17:46:18,23,1,1647.6,1615.6,1,26.8
M00544,2026-09-12 22:54:54,30,0,1582.0,1455.2,1,26.9
M00545,2026-09-14 20:26:03,30,0,1368.8,1595.2,0,26.8
M00546,2026-05-13 17:31:17,33,0,1491.4,1450.0,0,26.5
M00547,2026-01-25 11:11:16,33,0,1534.0,1704.4,0,26.7
M00548,2026-07-07 01:20:14,35,0,1612.2,1492.0,0,26.6
M00549,2026-09-09 00:03:50,28,0,1562.4,1558.8,1,26.8
M00550,2026-03-23 19:26:13,30,0,1603.2,1536.8,0,26.9
M00551,2026-04-29 12:44:11,31,0,1624.0,1427.4,1,26.5
M00552,2026-04-20 04:01:26,29,0,1601.6,1797.4,0,26.7
M00553,2026-01-14 05:09:12,26,0,1556.4,1453.2,0,26.7
M00554,2026-06-22 18:31:37,26,0,1577.0,1762.4,0,26.9
M00555,2026-04-01 19:23:12,23,0,1809.8,1364.2,1,26.9
M00556,2026-07-22 09:04:37,31,0,1727.6,1608.0,0,26.6
M00557,2026-08-02 20:30:59,27,0,1563.4,1671.0,1,26.7
M00558,2026-07-31 01:21:05,24,0,1718.6,1560.8,1,26.6
M00559,2026-04-18 01:59:45,24,0,1810.2,1550.4,1,26.6
M00560,2026-03-24 15:17:37,21,1,1630.4,1586.2,1,26.9
M00561,2026-07-12 10:43:35,34,0,1377.0,1604.6,0,26.5
M00562,2026-07-25 22:58:12,28,0,1601.0,1815.0,0,26.5
M00563,2026-05-07 06:04:33,23,0,1608.4,1583.2,0,26.8
M00564,2026-08-18 12:12:55,33,0,1695.0,1314.6,1,26.7
M00565,2026-02-06 23:37:43,25,0,1500.8,1720.2,0,26.6
M00566,2026-08-14 22:05:46,20,0,1530.6,1714.4,0,26.8
M00567,2026-01-25 16:42:55,34,0,1516.4,1706.0,1,26.6
M00568,2026-02-09 10:56:43,25,0,1429.8,1762.2,0,26.7
M00569,2026-05-18 04:43:30,26,0,1445.8,1737.2,0,26.9
M00570,2026-01-18 08:27:14,28,0,1624.0,1561.2,0,26.8
M00571,2026-01-14 13:42:51,35,0,1791.8,1538.8,1,26.6
M00572,2026-01-01 03:11:58,28,0,1797.6,1575.8,0,26.9
M00573,2026-04-23 03:12:04,21,0,1425.0,1636.8,1,26.5
M00574,2026-07-19 01:52:48,31,0,1497.6,1240.2,0,26.9
M00575,2026-01-09 22:52:58,25,0,1513.8,1559.6,0,26.7
M00576,2026-06-17 15:07:29,39,0,1342.0,1872.0,0,26.9
M00577,2026-07-31 13:02:57,28,0,1688.6,1534.8,1,26.7
M00578,2026-02-13 04:13:45,16,0,1618.0,1486.2,1,26.6
M00579,2026-02-07 17:51:19,30,0,1598.8,1745.6,0,26.9
M00580,2026-08-10 05:25:13,40,0,1688.6,1512.4,0,26.9
M00581,2026-07-31 13:01:57,37,0,1599.2,1605.6,0,26.9
M00582,2026-05-19 12:11:34,39,0,1411.8,1653.0,0,26.7
M00583,2026-07-30 12:49:29,22,0,1694.4,1888.8,0,26.9
M00584,2026-01-24 20:07:10,33,0,1649.6,1526.2,1,26.6
M00585,2026-04-12 09:09:43,24,0,1504.2,1506.2,0,26.8
M00586,2026-07-09 14:44:07,29,0,1612.8,1426.6,1,26.9
M00587,2026-03-08 03:57:49,20,0,1688.2,1643.0,0,26.7
M00588,2026-07-13 08:21:53,24,0,1776.6,1629.4,0,26.6
M00589,2026-05-10 13:46:25,24,0,1321.4,1513.0,0,26.8
M00590,2026-07-12 19:38:26,33,0,1535.2,1679.4,1,26.6
M00591,2026-04-30 10:08:38,33,0,1514.8,1675.8,1,26.9
M00592,2026-04-05 13:14:02,30,0,1494.8,1651.6,0,26.6
M00593,2026-02-26 07:57:32,20,0,1626.2,1696.0,0,26.8
M00594,2026-02-23 13:17:01,26,0,1606.0,1812.2,0,26.8
M00595,2026-07-13 03:11:43,24,0,1568.2,1796.6,0,26.7
M00596,2026-01-31 13:26:20,33,0,1598.0,1775.8,1,26.9
M00597,2026-01-23 02:20:20,35,0,1515.0,1565.8,0,26.9
M00598,2026-02-15 07:21:54,34,0,1833.0,1754.8,1,26.8
M00599,2026-02-15 01:32:14,23,0,1651.6,1876.4,0,26.7
M00600,2026-07-31 12:55:40,16,0,1831.0,1772.6,0,26.9
M00601,2026-04-13 09:59:19,17,0,1728.6,1427.2,1,26.7
M00602,2026-09-12 12:42:57,37,0,1527.0,1447.4,0,26.9
M00603,2026-02-05 06:19:08,26,0,1588.6,1591.4,0,26.6
M00604,2026-06-17 23:02:01,23,0,1568.6,1599.8,0,26.9
M00605,2026-04-26 07:45:48,38,0,1540.8,1626.8,0,26.7
M00606,2026-04-11 23:31:09,36,0,1654.8,1522.2,0,26.5
M00607,2026-08-13 21:31:09,28,0,1580.4,1859.8,0,26.8
M00608,2026-09-08 17:28:26,26,0,1817.4,1324.4,1,26.9
M00609,2026-08-13 07:47:38,27,0,1490.8,1668.4,0,26.5
M00610,2026-02-19 10:06:38,29,0,1426.6,1666.8,1,26.7
M00611,2026-02-26 17:52:53,38,0,1445.4,1617.8,1,26.7
M00612,2026-06-18 14:39:49,31,0,1796.2,1556.4,0,26.9
M00613,2026-03-16 07:04:03,32,0,1734.0,1621.6,1,26.7
M00614,2026-07-08 19:47:04,35,0,1471.8,1645.8,0,26.7
M00615,2026-05-26 13:40:57,21,0,1527.0,1718.6,1,26.9
M00616,2026-05-22 14:00:19,33,0,1717.2,1630.0,1,26.6
M00617,2026-08-01 22:28:38,26,0,1585.8,1788.0,0,26.9
M00618,2026-07-02 14:33:58,16,0,1755.4,1386.6,1,26.9
M00619,2026-01-07 19:55:53,16,0,1381.8,1615.0,0,26.6
M00620,2026-01-13 17:03:50,22,0,1551.6,1383.2,1,26.5
M00621,2026-06-04 14:24:45,31,0,1565.6,1752.4,1,26.6
M00622,2026-05-05 22:49:57,29,0,1646.0,1642.0,0,26.8
M00623,2026-03-08 20:49:08,29,0,1646.6,1910.0,0,26.5
M00624,2026-04-18 14:16:14,40,0,1428.2,1788.6,0,26.7
M00625,2026-07-14 18:47:27,20,0,1521.4,1870.8,0,26.5
M00626,2026-08-01 10:32:22,28,0,1579.8,1652.0,0,26.8
M00627,2026-05-25 05:37:25,30,0,1724.8,1815.8,0,26.6
M00628,2026-04-10 00:57:32,24,0,1890.6,1372.8,1,26.7
M00629,2026-03-11 13:39:27,28,0,1608.8,1794.6,0,26.8
M00630,2026-05-15 03:11:35,18,0,1592.4,1503.4,0,26.6
M00631,2026-03-22 21:22:32,36,0,1587.6,1465.2,1,26.9
M00632,2026-05-25 23:20:19,24,0,1776.4,1433.0,1,26.8
M00633,2026-06-23 21:35:30,40,0,1571.6,1611.2,0,26.7
M00634,2026-01-17 23:34:35,28,0,1288.8,1583.8,0,26.8
M00635,2026-01-01 06:35:02,34,0,1465.8,1850.8,0,26.5
M00636,2026-02-24 13:19:31,28,0,1513.2,1722.6,0,26.9
M00637,2026-08-18 21:20:48,28,0,1645.6,1649.0,1,26.9
M00638,2026-06-16 02:19:17,24,0,1707.0,1504.4,1,26.7
M00639,2026-02-14 04:39:05,29,0,1537.8,1721.4,0,26.8
M00640,2026-08-17 19:08:53,30,0,1609.8,1555.4,1,26.8
M00641,2026-05-01 18:41:17,23,0,1793.0,1665.4,1,26.8
M00642,2026-05-03 08:32:02,27,0,1386.8,1545.6,0,26.9
M00643,2026-08-29 10:25:21,24,0,1686.6,1704.0,0,26.9
M00644,2026-01-16 06:54:50,42,0,1719.4,1552.2,0,26.9
M00645,2026-02-25 07:13:10,27,0,1606.0,1333.4,0,26.6
M00646,2026-05-31 13:02:15,37,0,1604.4,1570.6,1,26.8
M00647,2026-02-20 05:45:38,27,0,1473.0,1235.8,1,26.9
M00648,2026-06-24 15:19:21,30,0,1453.0,1743.4,0,26.9
M00649,2026-02-25 00:31:16,20,0,1631.6,1541.8,1,26.9
M00650,2026-01-26 11:36:00,25,0,1447.8,1634.0,0,26.7
M00651,2026-02-23 04:41:04,29,0,1584.4,1604.2,1,26.8
M00652,2026-04-19 15:25:24,38,0,1579.4,1437.4,1,26.7
M00653,2026-02-15 06:25:15,29,0,1516.4,2036.0,0,26.5
M00654,2026-02-04 14:46:49,36,0,1716.0,1551.0,1,26.8
M00655,2026-08-10 02:13:07,32,0,1372.4,1647.6,0,26.9
M00656,2026-03-24 08:12:35,38,0,1590.8,1785.4,1,26.9
M00657,2026-04-03 17:09:34,28,0,1500.8,1761.4,0,26.8
M00658,2026-01-15 04:54:28,42,0,1442.2,1712.6,0,26.7
M00659,2026-04-02 20:15:21,25,0,1798.0,1510.8,1,26.8
M00660,2026-03-10 01:19:50,23,0,1374.0,1724.6,0,26.5
M00661,2026-06-06 21:28:18,21,0,1528.0,1346.0,1,26.9
M00662,2026-02-22 18:50:50,42,0,1698.2,1771.6,0,26.7
M00663,2026-08-17 07:26:17,33,0,1601.2,1590.0,1,26.5
M00664,2026-08-27 22:11:01,26,0,1481.4,1446.4,1,26.8
M00665,2026-01-26 15:45:28,35,0,1649.8,1628.8,0,26.7
M00666,2026-01-28 14:27:41,32,0,1666.2,1597.2,1,26.9
M00667,2026-01-30 15:20:00,40,0,1450.2,1651.6,0,26.7
M00668,2026-06-09 05:30:11,19,0,1551.8,1677.0,0,26.8
M00669,2026-02-01 08:18:16,26,0,1517.8,1746.8,0,26.7
M00670,2026-08-08 01:29:38,25,0,1652.6,1332.6,1,26.8
M00671,2026-07-13 20:20:48,16,0,1616.6,1385.8,1,26.7
M00672,2026-07-30 16:34:51,34,0,1310.0,1658.4,1,26.6
M00673,2026-05-16 04:44:28,26,0,1524.8,1879.6,0,26.8
M00674,2026-09-14 03:30:18,32,0,1337.2,1695.2,1,26.8
M00675,2026-01-12 08:28:19,42,0,1497.8,1519.6,0,26.9
M00676,2026-04-14 03:00:08,26,0,1663.2,1574.0,1,26.8
M00677,2026-03-25 06:02:28,25,0,1689.8,1874.0,0,26.5
M00678,2026-09-01 19:14:43,29,0,1673.6,1734.4,1,26.7
M00679,2026-05-29 06:04:42,34,0,1594.8,1336.8,1,26.5
M00680,2026-07-27 04:35:09,25,0,1828.8,1567.0,1,26.8
M00681,2026-02-13 18:39:52,24,0,1610.0,1775.2,1,26.5
M00682,2026-09-09 12:12:55,34,0,1565.0,1678.6,1,26.7
M00683,2026-05-09 03:36:31,30,0,1708.6,1663.8,0,26.9
M00684,2026-05-07 20:58:09,16,0,1583.6,1767.0,0,26.9
M00685,2026-09-07 12:25:01,21,0,1368.2,1725.6,0,26.7
M00686,2026-04-08 20:21:25,37,0,1487.2,1744.0,0,26.9
M00687,2026-04-13 03:56:03,30,0,1897.8,1535.8,1,26.9
M00688,2026-05-31 06:45:16,23,0,1647.8,1594.6,0,26.9
M00689,2026-02-02 21:49:42,27,0,1692.8,1402.4,1,26.9
M00690,2026-03-24 12:27:22,28,0,1549.0,1559.6,0,26.7
M00691,2026-02-19 15:42:32,32,0,1594.8,1619.2,1,26.7
M00692,2026-01-27 13:03:08,20,0,1656.4,1498.8,1,26.9
M00693,2026-08-11 14:22:47,23,0,1636.8,1888.2,1,26.8
M00694,2026-06-01 10:59:40,30,0,1725.2,1652.0,0,26.9
M00695,2026-04-03 04:17:37,27,0,1478.6,1550.8,0,26.6
M00696,2026-04-16 00:40:21,31,0,1799.0,1639.8,1,26.7
M00697,2026-04-21 21:36:33,21,0,1675.0,1457.0,1,26.6
M00698,2026-06-12 17:15:50,30,0,1452.8,1667.8,1,26.8
M00699,2026-08-27 04:18:48,35,0,1582.0,1636.8,0,26.7
M00700,2026-08-28 17:23:04,31,0,1524.6,1522.0,0,26.9
M00701,2026-04-11 14:43:21,29,0,1776.0,1706.6,1,26.6
M00702,2026-03-26 14:53:27,27,0,1481.8,1689.0,0,26.7
M00703,2026-04-26 22:03:17,23,0,1307.0,1829.0,0,26.8
M00704,2026-05-26 23:01:05,28,0,1373.2,1603.0,0,26.6
M00705,2026-04-29 16:29:34,36,0,1597.8,1631.6,1,26.9
M00706,2026-06-19 07:11:27,27,0,1705.0,1573.6,1,26.7
M00707,2026-05-23 11:31:59,23,0,1735.8,1421.2,1,26.7
M00708,2026-03-24 10:10:24,25,0,1505.0,1924.4,0,26.5
M00709,2026-03-30 20:28:03,29,0,1484.8,1756.6,0,26.8
M00710,2026-04-08 07:09:37,26,0,1560.8,1696.0,0,26.6
M00711,2026-01-25 07:44:17,31,0,1717.6,1454.8,1,26.7
M00712,2026-02-12 16:16:27,31,0,1627.2,1796.6,1,26.7
M00713,2026-07-05 20:09:57,33,0,1781.8,1376.0,1,26.8
M00714,2026-04-10 23:56:54,37,0,1686.8,1674.2,0,26.8
M00715,2026-02-25 03:16:34,34,0,1571.2,1547.6,0,26.7
M00716,2026-05-25 14:33:48,22,0,1660.4,1387.0,1,26.6
M00717,2026-07-14 04:10:04,23,0,1652.2,1610.6,0,26.9
M00718,2026-03-08 03:46:52,28,0,1750.8,1805.8,0,26.9
M00719,2026-08-01 11:38:23,25,0,1772.2,1635.4,1,26.9
M00720,2026-08-27 08:50:59,21,0,1500.8,1582.8,0,26.7
M00721,2026-06-03 12:43:46,25,0,1379.4,1490.8,1,26.7
M00722,2026-06-21 22:04:08,25,0,1436.0,1397.0,1,26.9
M00723,2026-01-14 12:17:19,24,0,1756.0,1857.4,0,26.6
M00724,2026-08-31 23:58:00,26,0,1341.4,1505.0,0,26.5
M00725,2026-04-11 20:50:45,35,0,1556.0,1422.6,0,26.6
M00726,2026-08-26 10:37:03,29,0,1420.4,1568.6,0,26.8
M00727,2026-05-29 19:08:00,43,0,1503.0,1525.8,1,26.7
M00728,2026-01-02 04:29:19,29,0,1590.8,1726.8,0,26.6
M00729,2026-01-10 21:43:37,26,0,1544.6,1473.0,0,26.9
M00730,2026-06-24 20:49:23,28,0,1420.6,1621.8,0,26.5
M00731,2026-05-25 14:32:10,30,0,1606.0,1395.8,0,26.9
M00732,2026-01-07 19:39:07,31,0,1701.4,1517.6,1,26.9
M00733,2026-07-11 01:39:39,40,0,1562.8,1362.8,1,26.8
M00734,2026-08-08 00:01:56,23,1,1509.6,1558.0,0,26.9
M00735,2026-05-08 13:54:10,33,0,1653.4,1643.2,0,26.5
M00736,2026-04-30 16:47:30,29,0,1688.8,1542.2,1,26.9
M00737,2026-01-02 09:45:29,19,1,1353.2,1418.0,1,26.8
M00738,2026-07-22 04:03:19,33,0,1694.0,1736.6,1,26.9
M00739,2026-03-26 23:51:24,36,0,1700.6,1569.6,0,26.7
M00740,2026-08-14 20:12:50,23,1,1558.0,1778.6,0,26.5
M00741,2026-04-06 21:02:15,28,0,1521.4,2034.6,0,26.8
M00742,2026-05-26 05:24:01,18,0,1512.8,1614.4,0,26.9
M00743,2026-03-11 11:28:05,20,0,1667.8,1743.2,1,26.7
M00744,2026-02-11 06:30:31,34,0,1587.2,1590.4,1,26.6
M00745,2026-07-19 03:37:55,25,0,1588.2,1385.8,1,26.9
M00746,2026-05-08 14:58:12,21,0,1726.6,1668.0,1,26.6
M00747,2026-05-18 21:03:27,29,0,1510.2,1634.6,1,26.9
M00748,2026-09-06 02:41:08,25,0,1395.2,1552.0,1,26.9
M00749,2026-09-05 15:21:39,25,0,1712.6,1593.4,1,26.7
M00750,2026-08-08 21:36:02,32,0,1495.2,1542.2,0,26.9
M00751,2026-02-18 05:10:26,21,0,1571.8,1897.8,0,26.6
M00752,2026-06-02 17:28:26,23,0,1625.4,1506.4,1,26.5
M00753,2026-08-14 16:24:47,29,0,1630.4,1679.2,1,26.7
M00754,2026-04-07 05:41:36,34,0,1723.2,1425.0,1,26.6
M00755,2026-01-26 23:37:22,35,0,1811.4,1840.2,0,26.9
M00756,2026-07-28 10:01:09,24,0,1753.8,1624.2,1,26.9
M00757,2026-05-04 19:31:03,34,0,1692.4,1657.8,1,26.8
M00758,2026-05-26 01:10:26,23,0,1633.2,1503.4,0,26.7
M00759,2026-09-10 09:51:57,39,0,1284.2,1459.6,0,26.7
M00760,2026-06-06 01:16:48,21,0,1571.8,1428.4,0,26.9
M00761,2026-04-20 05:16:22,36,0,1622.0,1799.6,0,26.9
M00762,2026-04-06 02:03:48,24,0,1554.8,1570.6,1,26.5
M00763,2026-04-18 07:52:32,40,0,1599.0,1666.4,0,26.9
M00764,2026-01-31 10:17:07,32,0,1802.0,1606.0,0,26.9
M00765,2026-07-24 06:01:17,22,0,1635.6,1548.2,1,26.5
M00766,2026-08-04 07:02:15,25,0,1745.8,1604.6,1,26.6
M00767,2026-03-15 02:09:41,33,0,1741.8,1394.8,1,26.8
M00768,2026-03-20 01:49:03,34,0,1879.4,1543.4,1,26.7
M00769,2026-08-13 16:53:37,28,0,1650.2,1367.4,1,26.9
M00770,2026-01-07 03:50:56,28,0,1794.8,1514.8,0,26.6
M00771,2026-05-14 18:10:53,33,0,2045.2,1501.4,1,26.9
M00772,2026-04-30 03:57:06,29,0,1682.0,1473.2,0,26.7
M00773,2026-06-27 08:42:06,20,1,1513.6,1519.8,1,26.7
M00774,2026-02-11 23:48:00,23,0,1354.8,1604.0,0,26.5
M00775,2026-06-21 18:15:50,29,0,1615.6,1395.2,0,26.8
M00776,2026-04-07 19:41:43,35,0,1615.2,1820.8,0,26.8
M00777,2026-06-09 00:13:57,38,0,1601.6,1349.0,1,26.7
M00778,2026-01-11 07:18:21,33,0,1675.6,1614.0,1,26.7
M00779,2026-04-29 15:56:00,30,0,1701.0,1520.8,1,26.6
M00780,2026-05-15 05:14:36,32,0,1409.2,1628.2,0,26.7
M00781,2026-02-25 01:57:54,24,0,1405.4,1761.2,0,26.7
M00782,2026-02-05 21:11:55,27,0,1404.4,1642.0,0,26.8
M00783,2026-02-18 10:30:34,23,0,1660.0,1556.8,1,26.8
M00784,2026-03-30 10:39:43,21,0,1758.0,1478.6,1,26.8
M00785,2026-01-25 21:07:30,30,0,1631.8,1591.2,0,26.7
M00786,2026-09-01 11:04:06,29,0,1963.0,1710.0,0,26.7
M00787,2026-04-15 02:00:12,32,0,1458.4,1775.6,0,26.9
M00788,2026-07-27 21:43:28,31,0,1251.8,1404.6,0,26.7
M00789,2026-09-08 10:12:17,29,0,1343.6,1386.8,1,26.7
M00790,2026-01-21 17:58:30,31,0,1684.4,1623.2,1,26.6
M00791,2026-06-17 11:29:50,28,0,1702.6,1513.8,0,26.5
M00792,2026-08-12 22:51:04,30,0,1305.4,1606.2,0,26.5
M00793,2026-06-12 23:57:28,24,0,1964.2,1764.0,0,26.5
M00794,2026-04-21 06:13:59,30,0,1844.2,1332.4,1,26.5
M00795,2026-04-21 18:52:44,32,0,1594.2,1457.0,0,26.6
M00796,2026-01-10 05:25:27,24,0,1206.6,1725.0,0,26.6
M00797,2026-05-18 09:25:02,28,0,1571.8,1583.8,0,26.6
M00798,2026-09-13 08:10:23,24,1,1490.8,1806.2,0,26.5
M00799,2026-09-04 09:18:28,25,0,1791.0,1891.4,0,26.8
M00800,2026-01-11 09:10:56,21,0,1659.8,1511.6,1,26.7
M00801,2026-07-01 09:21:21,36,0,1612.8,1503.8,1,26.6
M00802,2026-03-19 13:17:08,34,0,1756.8,1481.4,1,26.6
M00803,2026-08-21 01:38:13,31,0,1554.2,1692.2,0,26.8
M00804,2026-01-12 14:16:03,40,0,1718.4,1818.4,0,26.7
M00805,2026-08-29 12:28:17,27,0,1656.4,1391.2,1,26.7
M00806,2026-08-04 05:33:01,46,0,1525.4,1469.2,1,26.8
M00807,2026-01-31 04:46:01,27,0,1781.8,1557.2,1,26.6
M00808,2026-01-16 08:59:47,30,0,1249.0,1874.0,0,26.7
M00809,2026-08-03 12:28:36,26,0,1518.4,1784.8,0,26.6
M00810,2026-02-10 00:42:47,30,0,1776.2,1643.2,1,26.7
M00811,2026-05-18 11:15:06,33,0,1561.4,1754.0,0,26.6
M00812,2026-08-24 08:18:51,27,0,1678.6,1790.8,0,26.9
M00813,2026-05-26 20:01:11,39,0,1545.0,1625.0,0,26.7
M00814,2026-04-13 02:08:06,29,0,1539.6,1684.0,0,26.9
M00815,2026-04-25 08:51:32,30,0,1655.8,1688.0,0,26.9
M00816,2026-01-17 05:18:24,23,0,1510.6,1502.0,1,26.8
M00817,2026-09-06 23:15:51,31,0,1708.2,1513.0,1,26.6
M00818,2026-03-21 20:06:54,27,0,1592.6,1888.4,0,26.7
M00819,2026-02-18 15:59:38,24,0,1593.0,1664.2,0,26.7
M00820,2026-03-15 12:20:23,23,0,1490.2,1849.6,0,26.9
M00821,2026-09-05 20:15:13,44,0,1537.8,1811.4,0,26.5
M00822,2026-01-25 05:33:22,26,0,1510.4,1741.2,0,26.7
M00823,2026-08-11 21:31:30,19,0,1589.8,1796.6,0,26.5
M00824,2026-07-01 21:58:52,24,0,1542.6,1455.8,1,26.9
M00825,2026-08-02 07:33:29,28,0,1477.8,1340.4,0,26.7
M00826,2026-09-08 19:20:09,31,0,1593.8,1798.2,0,26.9
M00827,2026-08-05 10:24:35,31,0,1380.6,1707.2,0,26.8
M00828,2026-08-31 10:46:56,32,0,1740.2,1804.0,1,26.7
M00829,2026-02-02 14:56:11,24,0,1667.6,1480.2,0,26.8
M00830,2026-07-24 12:25:25,30,0,1459.0,1627.8,0,26.6
M00831,2026-05-21 05:43:39,23,0,1497.8,1684.0,1,26.6
M00832,2026-05-20 16:16:50,24,0,1652.0,1621.6,0,26.9
M00833,2026-08-20 00:32:53,22,0,1591.6,1434.6,1,26.7
M00834,2026-09-07 18:05:09,21,0,1590.8,1454.0,1,26.7
M00835,2026-07-01 03:26:33,34,0,1498.0,1485.6,0,26.5
M00836,2026-05-05 02:45:50,32,0,1720.8,1633.0,1,26.5
M00837,2026-04-28 07:05:56,34,0,1738.8,1762.4,1,26.6
M00838,2026-04-10 06:57:14,28,0,1566.8,1842.0,0,26.5
M00839,2026-04-03 22:20:34,33,0,1613.4,1742.2,0,26.7
M00840,2026-04-11 14:48:51,17,0,1627.2,1583.2,0,26.9
M00841,2026-01-24 01:35:52,33,0,1666.0,1676.8,0,26.9
M00842,2026-01-20 21:37:32,29,0,1383.0,1547.0,0,26.8
M00843,2026-07-20 10:14:13,32,0,1462.0,1729.4,0,26.8
M00844,2026-04-25 15:22:39,30,0,1546.6,1657.0,0,26.8
M00845,2026-08-28 04:27:42,22,0,1380.4,1809.2,0,26.9
M00846,2026-06-07 08:10:45,19,0,1738.8,1728.2,0,26.9
M00847,2026-01-10 00:57:55,24,0,1656.2,1646.0,0,26.7
M00848,2026-02-10 11:36:14,31,0,1523.2,1632.6,1,26.7
M00849,2026-02-22 21:29:47,32,0,1607.4,1514.8,1,26.6
M00850,2026-09-08 18:20:23,20,0,1608.4,1615.8,1,26.9
M00851,2026-02-26 04:58:03,22,0,1545.0,1567.0,0,26.7
M00852,2026-05-13 13:10:51,24,1,1541.2,1613.6,0,26.8
M00853,2026-08-29 14:20:21,26,0,1518.0,1379.4,0,26.6
M00854,2026-09-09 03:19:29,20,0,1556.0,1694.4,0,26.7
M00855,2026-03-02 17:52:16,19,0,1626.4,1854.4,1,26.7
M00856,2026-01-13 14:57:27,23,0,1906.8,1687.0,1,26.9
M00857,2026-02-09 11:24:57,29,0,1682.2,1665.4,1,26.8
M00858,2026-01-17 06:36:36,21,0,1625.8,1403.8,0,26.8
M00859,2026-02-20 03:31:34,27,0,1698.0,1380.2,1,26.8
M00860,2026-05-27 02:56:16,34,0,1599.8,1732.2,1,26.6
M00861,2026-08-23 11:59:03,20,0,1591.4,1680.4,0,26.9
M00862,2026-05-19 01:33:57,27,0,1735.8,1501.2,0,26.7
M00863,2026-06-10 21:06:12,34,0,1741.2,1651.8,1,26.9
M00864,2026-02-21 21:07:01,25,0,1655.8,1539.6,1,26.6
M00865,2026-07-25 17:59:59,25,0,1525.0,1465.2,1,26.7
M00866,2026-06-08 18:31:19,35,0,1431.4,1683.8,0,26.7
M00867,2026-08-11 01:59:45,26,0,1742.2,1571.4,1,26.8
M00868,2026-09-01 20:27:51,35,0,1488.2,1574.2,1,26.5
M00869,2026-03-31 09:51:07,31,0,1470.6,1784.0,0,26.5
M00870,2026-01-24 06:41:29,26,0,1849.2,1431.6,1,26.7
M00871,2026-02-28 01:31:47,31,0,1664.0,1647.2,1,26.6
M00872,2026-04-23 12:36:24,30,0,1560.0,1627.6,0,26.7
M00873,2026-09-01 01:02:18,34,0,1821.6,1812.8,0,26.9
M00874,2026-04-08 05:24:53,25,0,1446.8,1553.8,0,26.8
M00875,2026-07-18 02:07:45,28,0,1377.4,1579.6,1,26.8
M00876,2026-05-19 21:39:36,28,0,1830.2,1266.4,1,26.9
M00877,2026-02-16 23:33:52,32,0,1877.2,1483.0,1,26.7
M00878,2026-03-24 10:17:16,22,0,1816.8,1654.2,0,26.7
M00879,2026-06-17 20:53:15,34,0,1366.6,1512.2,1,26.6
M00880,2026-06-22 22:09:35,31,0,1447.0,1467.8,1,26.9
M00881,2026-04-22 17:35:53,20,0,1731.6,1637.4,0,26.8
M00882,2026-02-28 18:17:09,35,0,1802.6,1573.0,0,26.7
M00883,2026-07-05 12:43:15,41,0,1518.4,1527.0,0,26.9
M00884,2026-02-13 09:36:32,34,0,1743.8,1708.8,0,26.9
M00885,2026-08-29 17:22:43,37,0,1558.8,1431.8,1,26.7
M00886,2026-02-18 06:59:21,29,0,1502.4,1534.0,1,26.8
M00887,2026-01-28 13:54:09,18,1,1635.2,1722.8,0,26.9
M00888,2026-05-08 21:29:27,17,0,1666.8,1684.8,0,26.8
M00889,2026-05-14 12:34:54,30,0,1602.6,1593.8,0,26.8
M00890,2026-05-11 14:32:02,24,0,1437.2,1765.2,0,26.8
M00891,2026-04-23 05:21:54,23,0,1464.8,1550.0,1,26.5
M00892,2026-09-13 16:01:05,28,0,1689.8,1552.6,1,26.7
M00893,2026-05-05 23:22:43,32,0,1716.2,1568.0,1,26.9
M00894,2026-05-03 19:58:28,19,1,1451.0,1604.2,1,26.8
M00895,2026-04-19 09:27:11,25,0,1539.8,1606.0,1,26.6
M00896,2026-01-18 04:10:52,37,0,1859.6,1639.6,1,26.6
M00897,2026-06-02 09:21:23,22,0,1536.2,1551.0,0,26.9
M00898,2026-02-28 14:06:18,33,0,1532.4,1674.0,1,26.8
M00899,2026-06-13 20:46:19,25,0,1807.0,1690.6,1,26.9
M00900,2026-01-14 01:32:26,31,0,1667.6,1738.4,0,26.7
M00901,2026-09-10 05:11:44,35,0,1423.8,1598.4,1,26.5
M00902,2026-05-01 12:49:23,32,0,1950.2,1400.6,1,26.9
M00903,2026-08-19 11:11:13,33,0,1703.0,1424.4,1,26.8
M00904,2026-05-03 05:15:40,21,0,1501.0,1664.2,1,26.9
M00905,2026-01-16 12:07:13,35,0,1548.4,1793.8,0,26.7
M00906,2026-07-31 07:24:47,23,1,1590.2,1875.6,0,26.9
M00907,2026-06-16 13:59:50,30,0,1802.0,1481.6,1,26.6
M00908,2026-07-20 21:52:38,30,0,1337.6,1498.0,0,26.6
M00909,2026-04-21 00:57:06,31,0,1415.6,1708.0,0,26.8
M00910,2026-06-13 22:47:37,30,0,1517.4,1684.2,0,26.8
M00911,2026-08-09 01:13:13,23,0,1359.2,1651.4,0,26.6
M00912,2026-06-12 04:24:41,20,0,1515.4,1805.4,0,26.7
M00913,2026-03-31 08:27:03,33,0,1329.8,1605.6,0,26.8
M00914,2026-06-20 06:28:57,29,0,1677.6,1402.8,1,26.8
M00915,2026-06-22 15:59:47,35,0,1682.2,1619.6,0,26.6
M00916,2026-09-04 20:54:01,28,0,1691.2,1555.2,1,26.7
M00917,2026-04-06 07:47:13,20,0,1566.0,1493.6,0,26.8
M00918,2026-04-20 05:54:15,34,0,1585.6,1505.8,1,26.7
M00919,2026-07-28 17:10:27,26,0,1745.6,1682.4,0,26.9
M00920,2026-05-10 23:32:31,30,0,1525.0,1527.2,1,26.8
M00921,2026-07-09 07:10:58,24,0,1781.8,1642.4,0,26.7
M00922,2026-04-29 03:29:16,38,0,1510.6,1825.4,0,26.8
M00923,2026-02-25 09:10:26,23,1,1497.0,1615.2,0,26.6
M00924,2026-07-11 12:25:02,26,0,1716.6,1753.2,0,26.7
M00925,2026-02-03 16:57:54,29,0,1643.2,1446.6,1,26.9
M00926,2026-02-21 00:51:50,21,0,1659.4,1521.2,1,26.5
M00927,2026-06-11 02:15:23,30,0,1739.2,1565.8,1,26.9
M00928,2026-07-12 01:09:36,38,0,1512.4,1590.4,0,26.6
M00929,2026-08-18 22:26:05,25,0,1612.4,1563.8,1,26.9
M00930,2026-03-12 01:18:48,30,0,1644.6,1568.6,1,26.9
M00931,2026-01-29 10:56:50,16,0,1569.6,1694.8,0,26.8
M00932,2026-09-03 16:53:44,28,0,1357.2,1574.6,0,26.9
M00933,2026-02-09 16:28:53,26,0,1446.6,1811.8,0,26.8
M00934,2026-02-20 19:12:35,23,0,1738.0,1712.0,0,26.7
M00935,2026-03-16 20:55:12,34,0,1596.4,1446.4,1,26.8
M00936,2026-05-17 01:17:09,26,0,1658.0,1515.4,1,26.8
M00937,2026-08-15 21:16:05,27,0,1355.6,1798.0,0,26.7
M00938,2026-07-15 11:02:52,26,0,1624.8,1525.6,1,26.6
M00939,2026-07-01 23:54:56,16,0,1432.8,1650.4,0,26.8
M00940,2026-02-15 00:30:49,21,0,1597.4,1458.8,1,26.8
M00941,2026-04-02 22:11:11,34,0,1451.0,1558.4,0,26.7
M00942,2026-05-03 22:48:05,16,1,1822.2,1393.2,1,26.7
M00943,2026-02-07 21:19:23,23,0,1599.8,1608.8,0,26.6
M00944,2026-03-12 06:30:51,26,0,1781.8,1792.6,0,26.7
M00945,2026-03-21 05:47:57,38,0,1628.0,1574.8,0,26.7
M00946,2026-02-02 17:02:22,33,0,1714.4,1443.2,1,26.9
M00947,2026-05-22 09:52:42,25,0,1597.0,1403.6,0,26.8
M00948,2026-07-01 04:36:50,36,0,1895.2,1555.8,1,26.5
M00949,2026-01-18 23:20:17,24,0,1709.6,1545.4,1,26.9
M00950,2026-05-04 15:34:02,34,0,1709.8,1405.2,1,26.7
M00951,2026-07-21 00:40:43,20,1,1509.6,1932.0,0,26.6
M00952,2026-07-12 05:36:11,34,0,1614.0,1467.8,1,26.6
M00953,2026-07-29 11:22:15,26,0,1379.4,1645.4,1,26.5
M00954,2026-04-26 04:44:53,22,0,1448.0,1749.6,0,26.7
M00955,2026-07-30 21:11:45,27,0,1742.8,1394.6,0,26.9
M00956,2026-03-03 20:57:53,30,0,1568.0,1598.2,0,26.7
M00957,2026-04-03 17:28:46,25,0,1469.6,1654.8,0,26.9
M00958,2026-02-15 07:45:40,31,0,1812.0,1587.4,1,26.7
M00959,2026-05-01 03:26:40,25,0,1631.6,1603.4,1,26.9
M00960,2026-04-11 18:13:34,32,0,1423.6,1821.4,0,26.6
M00961,2026-03-03 22:02:18,31,0,1453.4,1679.6,1,26.7
M00962,2026-07-13 04:59:00,28,0,1601.6,1987.0,0,26.6
M00963,2026-03-22 15:48:24,25,0,1419.4,1649.6,0,26.8
M00964,2026-03-12 02:39:25,29,0,1226.2,1828.8,0,26.9
M00965,2026-02-03 15:19:53,31,0,1508.2,1597.6,0,26.6
M00966,2026-04-23 18:39:08,40,0,1783.0,1650.8,1,26.6
M00967,2026-03-19 20:41:08,34,0,1783.0,1591.8,1,26.8
M00968,2026-04-05 21:40:29,34,0,1437.8,1479.6,0,26.9
M00969,2026-03-02 15:37:52,47,0,1530.8,1425.8,1,26.7
M00970,2026-07-16 03:08:35,31,0,1335.2,1751.8,0,26.9
M00971,2026-08-28 00:15:38,31,0,1404.6,1646.6,0,26.7
M00972,2026-05-08 23:14:37,32,0,2038.6,1741.0,1,26.8
M00973,2026-06-15 06:00:51,22,0,1496.4,1613.8,0,26.8
M00974,2026-08-11 20:43:06,25,0,1426.2,1620.2,0,26.8
M00975,2026-09-14 16:46:52,25,0,1441.2,1403.2,1,26.8
M00976,2026-06-07 16:10:10,32,0,1498.2,1546.4,0,26.5
M00977,2026-08-17 16:09:35,27,0,1406.4,1411.6,1,26.6
M00978,2026-08-22 12:17:44,29,0,1644.6,1539.4,1,26.9
M00979,2026-07-23 09:40:21,35,0,1561.6,1735.8,0,26.6
M00980,2026-04-29 11:01:29,33,0,1720.2,1768.6,1,26.9
M00981,2026-01-21 20:33:28,27,0,1543.2,1757.4,0,26.7
M00982,2026-01-05 01:29:19,24,0,1624.8,1731.0,0,26.8
M00983,2026-05-03 15:22:24,35,0,1730.2,1776.2,1,26.9
M00984,2026-05-08 00:55:55,33,0,1595.6,1361.4,0,26.6
M00985,2026-04-15 16:36:40,18,0,1669.2,1338.6,1,26.8
M00986,2026-05-27 00:27:22,26,0,1433.0,1715.4,0,26.9
M00987,2026-05-22 21:44:22,29,0,1553.8,1526.0,1,26.8
M00988,2026-08-04 00:13:45,33,0,1407.2,1585.6,1,26.9
M00989,2026-01-28 22:11:49,33,0,1437.2,1545.4,0,26.7
M00990,2026-02-27 20:53:45,30,0,1771.0,1557.0,1,26.5
M00991,2026-07-23 19:15:16,32,0,1464.8,1557.0,0,26.8
M00992,2026-08-06 21:27:28,28,0,1439.2,1900.2,0,26.7
M00993,2026-09-13 16:04:32,24,0,1378.4,1758.2,0,26.9
M00994,2026-08-13 08:07:16,26,0,1788.0,1668.4,1,26.8
M00995,2026-08-17 16:53:49,28,0,2002.0,1313.0,1,26.8
M00996,2026-03-22 18:53:53,28,0,1529.2,1573.8,0,26.7
M00997,2026-04-14 05:26:56,17,0,1754.4,1667.8,0,26.8
M00998,2026-03-10 21:32:56,26,0,1493.4,1717.6,0,26.9
M00999,2026-06-05 19:39:16,28,0,1521.8,1730.6,1,26.8
M01000,2026-08-30 06:33:05,26,0,1377.4,1747.8,0,26.9
M01001,2026-03-30 13:44:41,27,0,1578.4,1666.8,0,26.9
M01002,2026-05-24 03:35:13,31,0,1498.2,1481.4,1,26.6
M01003,2026-03-18 03:34:34,22,0,1475.0,1783.2,0,26.8
M01004,2026-02-13 15:19:34,18,0,1428.2,1559.8,0,26.8
M01005,2026-02-20 03:54:15,26,0,1408.8,1882.0,0,26.5
M01006,2026-01-15 21:24:24,33,0,1445.8,1638.2,0,26.9
M01007,2026-09-01 23:14:32,38,0,1459.6,1649.6,0,26.8
M01008,2026-04-14 12:57:41,33,0,1552.2,1881.4,0,26.9
M01009,2026-08-03 08:51:27,19,0,1719.6,1616.2,1,26.7
M01010,2026-06-25 02:26:24,27,0,1858.4,1489.0,0,26.8
M01011,2026-02-19 07:46:11,30,0,1757.2,1573.4,0,26.9
M01012,2026-02-15 02:15:04,29,0,1456.0,1637.8,0,26.6
M01013,2026-07-28 16:20:35,31,0,1710.0,1325.0,1,26.9
M01014,2026-03-10 00:44:30,22,0,1560.6,1804.2,0,26.5
M01015,2026-08-23 17:08:34,28,0,1705.8,1617.8,1,26.9
M01016,2026-02-05 23:51:42,31,0,1803.8,1399.2,1,26.9
M01017,2026-06-24 04:06:24,33,0,1887.4,1540.8,1,26.7
M01018,2026-07-29 07:40:29,23,0,1506.6,1665.0,1,26.6
M01019,2026-03-02 11:03:41,26,0,1559.0,1419.2,1,26.8
M01020,2026-03-12 23:38:49,16,1,1820.2,1540.4,1,26.6
M01021,2026-09-05 21:09:08,24,0,1548.6,1454.2,1,26.6
M01022,2026-03-10 00:02:16,25,0,1602.6,1743.8,1,26.7
M01023,2026-04-21 11:58:30,22,0,1496.0,1759.6,0,26.7
M01024,2026-04-22 03:45:22,29,0,1488.6,1532.8,0,26.7
M01025,2026-03-07 00:43:06,28,0,1610.8,1581.0,0,26.9
M01026,2026-07-19 09:04:45,16,0,1759.8,1909.6,0,26.6
M01027,2026-07-18 08:46:00,29,0,1695.4,1504.8,1,26.9
M01028,2026-04-08 05:27:55,22,0,1793.8,1612.8,1,26.9
M01029,2026-08-03 15:03:21,31,0,1503.2,1750.2,0,26.7
M01030,2026-02-24 18:14:46,20,0,1580.6,1700.6,0,26.6
M01031,2026-01-02 02:33:28,28,0,1906.0,1580.8,1,26.7
M01032,2026-05-27 18:57:37,26,0,1546.4,1571.6,1,26.8
M01033,2026-09-13 11:28:18,30,0,1462.4,1658.4,0,26.9
M01034,2026-01-10 22:21:29,29,0,1595.4,1707.2,0,26.8
M01035,2026-02-23 10:55:55,26,0,1630.8,1720.0,0,26.8
M01036,2026-05-14 08:39:55,19,0,1537.2,1879.8,0,26.6
M01037,2026-07-28 03:42:52,19,0,1533.8,1333.8,1,26.9
M01038,2026-01-23 21:12:39,24,0,1350.8,1831.2,0,26.8
M01039,2026-04-12 13:48:26,28,0,1893.4,1551.4,1,26.7
M01040,2026-07-11 23:57:48,24,0,1556.8,1604.0,1,26.7
M01041,2026-04-06 11:40:42,32,0,1362.4,1336.2,1,26.9
M01042,2026-02-18 12:44:34,26,0,1741.6,1684.6,1,26.5
M01043,2026-02-20 05:49:05,22,0,1400.6,1508.4,1,26.8
M01044,2026-04-16 09:10:51,26,0,1784.0,1843.0,1,26.8
M01045,2026-05-04 05:02:40,29,0,1671.4,1496.8,1,26.8
M01046,2026-08-10 11:40:16,30,0,1760.0,1645.4,1,26.6
M01047,2026-06-15 01:24:46,39,0,1839.0,1490.6,0,26.8
M01048,2026-06-27 10:23:57,24,0,1563.2,1386.6,1,26.7
M01049,2026-09-10 15:03:53,28,0,1440.6,1508.0,0,26.7
M01050,2026-04-16 20:15:01,31,0,1496.6,1374.2,1,26.8
M01051,2026-04-14 15:53:23,28,0,1757.0,1643.0,0,26.6
M01052,2026-08-26 07:12:14,25,0,1796.6,1576.2,1,26.8
M01053,2026-03-05 04:33:38,19,0,1905.6,1518.6,1,26.7
M01054,2026-07-07 13:30:01,25,0,1447.0,1615.6,1,26.9
M01055,2026-07-13 22:12:25,22,0,1407.6,1767.6,0,26.8
M01056,2026-01-26 03:09:22,18,0,1511.2,1473.4,0,26.8
M01057,2026-05-01 08:03:04,23,0,1569.6,1846.4,0,26.6
M01058,2026-02-21 13:04:09,22,0,1428.6,1811.0,0,26.9
M01059,2026-02-17 15:23:40,32,0,1652.4,1404.6,1,26.7
M01060,2026-04-30 04:53:30,32,0,1558.4,1530.8,0,26.7
M01061,2026-03-16 09:12:08,23,0,1731.6,1608.4,0,26.8
M01062,2026-07-24 14:06:03,26,0,1585.8,1438.6,1,26.8
M01063,2026-08-22 06:06:25,17,0,1605.2,1600.4,0,26.8
M01064,2026-07-26 07:10:50,25,0,1691.0,1559.2,1,26.8
M01065,2026-03-10 08:52:42,30,0,1629.2,1666.6,1,26.6
M01066,2026-03-12 10:51:39,33,0,1581.8,1551.4,1,26.8
M01067,2026-03-07 11:09:52,24,0,1545.8,1649.0,0,26.5
M01068,2026-02-04 16:54:53,34,0,1521.4,1501.2,1,26.6
M01069,2026-08-31 13:20:54,19,0,1757.2,1666.4,1,26.9
M01070,2026-04-14 07:49:50,21,0,1558.8,1472.4,0,26.9
M01071,2026-02-27 17:53:04,32,0,1708.4,1695.0,0,26.8
M01072,2026-08-06 14:16:01,38,0,1741.8,1381.4,1,26.8
M01073,2026-04-13 14:14:11,31,0,1379.0,1611.6,0,26.8
M01074,2026-01-10 00:36:01,28,0,1705.6,1525.2,1,26.7
M01075,2026-02-11 14:51:20,16,0,1730.2,1705.8,0,26.8
M01076,2026-06-14 06:53:45,16,0,1377.4,1288.0,1,26.7
M01077,2026-07-21 04:57:35,29,0,1435.0,1610.6,0,26.8
M01078,2026-02-24 05:02:35,26,0,1779.0,1422.4,1,26.9
M01079,2026-08-24 18:29:45,21,0,1539.0,1667.6,0,26.8
M01080,2026-08-07 16:57:00,28,0,1385.0,1501.6,1,26.6
M01081,2026-08-07 00:48:44,29,0,1981.0,1603.2,1,26.8
M01082,2026-02-28 12:12:50,34,0,1457.6,1537.2,1,26.9
M01083,2026-01-13 23:42:21,29,0,1363.4,1657.2,0,26.6
M01084,2026-08-11 22:16:06,35,0,1417.6,1795.4,1,26.5
M01085,2026-03-20 14:10:32,28,0,1673.2,1676.0,0,26.7
M01086,2026-06-09 01:28:34,27,0,1522.2,1706.4,1,26.9
M01087,2026-07-15 07:28:32,34,0,1765.0,1640.4,0,26.5
M01088,2026-02-02 23:18:46,22,0,1676.6,1491.0,1,26.8
M01089,2026-07-20 16:12:39,45,0,1561.6,1610.4,1,26.6
M01090,2026-08-30 04:44:19,30,0,1353.8,1499.2,0,26.9
M01091,2026-07-07 04:37:00,30,0,1403.2,1616.6,0,26.7
M01092,2026-04-24 09:27:42,31,0,1652.8,1627.0,1,26.6
M01093,2026-08-14 07:21:02,39,0,1850.4,1724.6,1,26.8
M01094,2026-05-16 13:21:31,33,0,1339.6,1647.4,0,26.7
M01095,2026-07-11 09:44:49,18,0,1553.4,1631.0,1,26.7
M01096,2026-07-30 20:52:50,36,0,1498.2,1395.4,0,26.9
M01097,2026-07-12 14:00:30,26,0,1669.2,1400.0,1,26.6
M01098,2026-03-15 23:29:19,29,0,1597.6,1470.2,1,26.9
M01099,2026-01-31 06:51:40,20,0,1545.2,1988.0,0,26.8
M01100,2026-03-03 06:04:19,31,0,1348.6,1572.8,0,26.8
M01101,2026-05-10 05:43:57,24,0,1741.0,1571.6,1,26.6
M01102,2026-05-10 20:32:53,29,0,1636.4,1498.8,1,26.7
M01103,2026-05-30 17:45:01,26,0,1665.2,1490.6,0,26.9
M01104,2026-04-12 12:59:17,40,0,1645.2,1435.6,1,26.9
M01105,2026-07-22 05:32:45,40,0,1527.2,1622.4,0,26.6
M01106,2026-08-23 16:19:56,28,0,1396.0,1818.0,0,26.7
M01107,2026-03-05 09:48:00,28,0,1523.4,1657.4,0,26.8
M01108,2026-07-09 06:52:30,26,0,1578.0,1558.2,1,26.7
M01109,2026-06-24 05:43:49,35,0,1527.6,1463.4,0,26.8
M01110,2026-05-15 10:25:19,26,0,1762.2,1533.8,1,26.7
M01111,2026-02-18 10:51:16,25,0,1646.6,1890.2,1,26.6
M01112,2026-07-24 08:59:33,34,0,1572.4,1603.8,0,26.7
M01113,2026-09-04 21:08:34,25,0,1695.8,1685.4,1,26.6
M01114,2026-07-05 12:17:11,28,0,1373.6,1729.2,0,26.7
M01115,2026-08-24 21:21:37,19,0,1651.6,1830.6,0,26.8
M01116,2026-09-10 22:27:16,32,0,1401.6,1880.4,0,26.7
M01117,2026-04-01 11:26:54,40,0,1464.6,1775.0,0,26.8
M01118,2026-06-14 00:33:46,32,0,1481.4,1713.6,0,26.5
M01119,2026-05-02 19:13:01,37,0,1610.8,1750.2,0,26.7
M01120,2026-09-11 13:31:33,23,0,1365.8,1724.6,1,26.8
M01121,2026-01-25 02:36:23,29,0,1487.6,1626.0,0,26.5
M01122,2026-04-16 23:31:42,22,0,1766.2,1639.8,1,26.9
M01123,2026-08-14 00:19:29,27,0,1688.6,1654.0,1,26.8
M01124,2026-03-15 00:01:42,33,0,1398.6,1465.4,0,26.9
M01125,2026-07-22 11:06:22,29,0,1779.6,1689.8,1,26.5
M01126,2026-04-09 09:00:23,20,0,1794.4,1626.2,0,26.8
M01127,2026-09-09 20:30:27,20,0,1751.2,1748.0,1,26.7
M01128,2026-08-16 01:36:43,20,0,1522.8,1430.6,1,26.7
M01129,2026-03-19 10:32:38,31,0,1461.8,1707.4,0,26.9
M01130,2026-07-17 22:33:04,40,0,1626.8,1730.4,0,26.6
M01131,2026-03-28 13:43:52,36,0,1697.2,1667.8,1,26.5
M01132,2026-06-05 20:02:45,17,0,1490.0,1697.8,0,26.7
M01133,2026-06-19 05:30:33,37,0,1649.6,1732.4,0,26.8
M01134,2026-08-02 04:56:40,34,0,1804.6,1682.8,1,26.7
M01135,2026-01-07 06:48:46,19,0,1446.4,1629.2,1,26.7
M01136,2026-02-26 13:56:01,26,0,1578.4,1651.6,1,26.8
M01137,2026-07-02 23:06:32,35,0,1859.4,1688.4,1,26.8
M01138,2026-05-25 19:48:40,31,0,1609.0,1352.0,1,26.6
M01139,2026-05-08 08:53:31,20,0,1554.6,1764.4,0,26.8
M01140,2026-01-15 04:32:06,32,0,1463.4,1513.2,0,26.9
M01141,2026-03-31 12:09:56,16,1,1511.4,1590.4,0,26.9
M01142,2026-08-11 07:56:17,27,0,1259.6,1441.2,0,26.9
M01143,2026-01-08 22:32:49,35,0,1650.8,1613.0,1,26.7
M01144,2026-04-12 21:13:07,28,0,1557.0,1354.0,1,26.7
M01145,2026-08-31 21:40:28,25,0,1742.6,1693.0,1,26.5
M01146,2026-01-14 01:49:56,33,0,1778.2,1757.2,1,26.8
M01147,2026-07-12 16:11:06,34,0,1600.2,1317.6,1,26.9
M01148,2026-03-08 04:57:16,36,0,1709.0,1772.4,0,26.5
M01149,2026-08-11 17:14:35,33,0,1721.0,1705.0,0,26.8
M01150,2026-07-11 17:44:50,34,0,1538.8,1567.0,0,26.9
M01151,2026-08-16 15:01:46,32,0,1515.2,1425.4,1,26.6
M01152,2026-02-25 11:49:26,30,0,1528.4,1404.6,1,26.6
M01153,2026-05-17 13:00:49,29,0,1351.2,1521.8,0,26.6
M01154,2026-07-20 06:32:13,27,0,1670.0,1403.8,1,26.9
M01155,2026-03-05 03:28:33,21,0,1647.8,1668.4,1,26.5
M01156,2026-03-01 07:14:35,22,0,1719.6,1755.4,0,26.8
M01157,2026-01-07 23:39:33,26,0,1599.0,1580.8,0,26.7
M01158,2026-09-04 08:07:20,29,0,1704.6,1441.0,1,26.8
M01159,2026-07-02 11:23:02,37,0,1405.6,1420.0,0,26.6
M01160,2026-06-13 08:08:10,28,0,1338.2,1475.6,0,26.8
M01161,2026-07-11 04:57:34,34,0,1563.8,1591.4,1,26.6
M01162,2026-05-17 14:59:18,34,0,1264.8,1397.0,0,26.6
M01163,2026-05-03 08:47:36,27,0,1584.8,1497.0,1,26.8
M01164,2026-04-26 12:42:53,32,0,1493.8,1575.6,0,26.6
M01165,2026-06-14 14:13:44,27,0,1393.4,1588.0,0,26.5
M01166,2026-02-21 19:04:03,36,0,1703.8,1534.8,1,26.9
M01167,2026-08-17 05:32:45,32,0,1749.2,1464.6,1,26.6
M01168,2026-07-28 14:53:19,21,1,1838.0,1568.8,1,26.6
M01169,2026-03-31 20:06:30,29,0,1964.8,1268.6,1,26.8
M01170,2026-05-29 16:51:43,38,0,1611.6,1564.4,0,26.7
M01171,2026-02-06 05:51:22,27,0,1476.8,1634.6,0,26.5
M01172,2026-09-07 21:25:53,31,0,1576.4,1527.2,1,26.7
M01173,2026-08-21 01:02:31,31,0,1873.8,1835.2,0,26.8
M01174,2026-08-25 22:15:49,22,0,1677.0,1740.4,1,26.8
M01175,2026-03-27 08:46:54,31,0,1565.6,1593.0,0,26.9
M01176,2026-02-13 11:13:22,20,0,1340.2,1287.8,1,26.7
M01177,2026-02-24 10:12:38,24,0,1737.0,1894.0,1,26.5
M01178,2026-01-24 03:07:42,34,0,1572.4,1291.0,1,26.8
M01179,2026-01-31 20:50:32,30,0,1455.8,1696.4,0,26.7
M01180,2026-01-19 07:48:22,26,0,1516.4,1800.8,0,26.7
M01181,2026-09-12 09:13:43,31,0,1380.4,1664.2,1,26.9
M01182,2026-01-20 00:47:16,28,0,1593.6,1502.4,1,26.5
M01183,2026-02-04 01:31:10,28,0,1687.6,1760.6,0,26.8
M01184,2026-08-01 14:30:22,32,0,1456.2,1420.6,0,26.5
M01185,2026-05-30 02:55:17,24,1,1401.4,1370.6,1,26.8
M01186,2026-07-19 00:36:19,28,0,1701.2,1578.6,0,26.7
M01187,2026-06-12 03:27:54,26,0,1660.6,1498.6,1,26.9
M01188,2026-08-15 17:15:21,18,0,1465.0,1916.2,0,26.7
M01189,2026-06-14 02:04:03,22,0,1587.0,1426.8,0,26.6
M01190,2026-05-15 04:28:03,37,0,1504.0,1638.8,0,26.9
M01191,2026-07-03 04:14:24,30,0,1715.6,1421.0,1,26.7
M01192,2026-04-25 23:31:06,20,1,1926.6,1642.4,1,26.6
M01193,2026-03-30 22:31:17,19,0,1847.4,1648.8,1,26.5
M01194,2026-05-01 04:28:49,27,0,1696.2,1758.2,0,26.6
M01195,2026-02-13 14:47:47,37,0,1477.0,1490.8,0,26.8
M01196,2026-07-24 17:15:15,27,0,1762.8,1570.2,0,26.5
M01197,2026-03-09 00:01:15,36,0,1689.8,1811.2,0,26.9
M01198,2026-02-09 10:58:57,30,0,1414.0,1886.6,0,26.8
M01199,2026-03-05 07:30:02,31,0,1543.4,1666.2,0,26.7
M01200,2026-08-05 09:53:19,20,0,1504.4,1717.2,0,26.9
M01201,2026-03-26 20:40:53,34,0,1564.0,1811.4,1,26.9
M01202,2026-06-26 07:33:20,26,0,1303.6,1742.2,0,26.9
M01203,2026-08-09 02:20:04,33,0,1789.8,1560.6,1,26.8
M01204,2026-01-20 23:31:44,23,0,1751.0,1518.4,1,26.8
M01205,2026-07-16 14:40:13,29,0,1554.8,1463.6,1,26.8
M01206,2026-03-21 01:40:50,30,0,1318.4,1532.0,0,26.5
M01207,2026-02-25 16:07:36,27,0,1603.0,1613.4,0,26.9
M01208,2026-06-27 01:08:38,30,0,1535.8,1683.0,0,26.8
M01209,2026-08-22 19:37:32,26,0,1758.2,1450.2,1,26.6
M01210,2026-03-17 19:40:42,24,0,1446.8,1687.2,0,26.8
M01211,2026-05-27 04:34:00,38,0,1851.2,1638.6,1,26.8
M01212,2026-03-16 11:41:48,34,0,1602.2,1958.0,0,26.6
M01213,2026-05-23 10:50:00,23,0,1781.0,1524.6,1,26.9
M01214,2026-06-09 19:38:42,31,0,1536.2,1707.8,0,26.5
M01215,2026-06-06 20:32:55,24,0,1965.8,1410.4,1,26.5
M01216,2026-06-10 06:02:02,21,0,1446.0,1590.8,0,26.6
M01217,2026-02-04 17:10:19,34,0,1509.2,1325.4,1,26.9
M01218,2026-06-28 05:45:27,18,0,1432.8,1372.8,0,26.8
M01219,2026-06-23 09:51:36,34,0,1501.4,1608.4,1,26.7
M01220,2026-06-25 10:12:12,26,0,1796.2,1354.0,1,26.8
M01221,2026-01-20 00:52:01,27,0,1635.2,1560.2,1,26.8
M01222,2026-04-25 20:06:07,30,0,1618.0,1391.2,1,26.7
M01223,2026-04-16 02:55:43,31,0,1878.6,1622.4,1,26.9
M01224,2026-01-23 06:50:11,23,0,1581.8,1724.2,1,26.6
M01225,2026-02-27 03:33:55,32,0,1409.8,1455.4,0,26.6
M01226,2026-04-24 07:51:27,29,0,1727.2,1575.8,0,26.8
M01227,2026-07-10 22:14:46,20,0,1720.6,1441.8,1,26.5
M01228,2026-03-02 22:11:56,27,0,1454.4,2070.4,0,26.6
M01229,2026-08-02 05:53:50,36,0,1675.2,1786.8,1,26.5
M01230,2026-05-21 06:29:01,38,0,1500.6,1514.6,1,26.8
M01231,2026-07-15 10:16:51,32,0,1491.6,1424.0,1,26.9
M01232,2026-05-02 10:43:31,21,0,1386.6,1509.0,0,26.9
M01233,2026-05-09 07:01:47,31,0,1822.4,1684.2,1,26.5
M01234,2026-06-09 06:25:45,33,0,1569.6,1438.6,1,26.7
M01235,2026-08-27 11:43:21,32,0,1585.6,1404.0,1,26.9
M01236,2026-05-07 09:30:00,33,0,1665.6,1632.8,1,26.9
M01237,2026-05-16 20:45:34,30,0,1453.0,1659.6,0,26.9
M01238,2026-06-04 17:07:02,28,0,1689.6,1663.2,1,26.6
M01239,2026-07-09 12:59:36,24,0,1582.6,1507.4,1,26.8
M01240,2026-01-19 11:10:22,17,1,1630.0,1478.4,1,26.6
M01241,2026-05-13 12:45:36,30,0,1977.8,1738.0,1,26.7
M01242,2026-05-04 18:27:24,29,0,1568.8,1771.0,0,26.7
M01243,2026-08-25 20:57:10,31,0,1660.0,1464.2,1,26.5
M01244,2026-05-07 19:56:54,20,0,1619.8,1645.2,1,26.7
M01245,2026-05-01 08:36:03,32,0,1700.8,1611.4,1,26.7
M01246,2026-09-05 06:50:58,40,0,1468.8,1277.4,0,26.9
M01247,2026-04-26 19:09:20,28,0,1602.0,1420.2,1,26.9
M01248,2026-02-16 11:41:42,28,0,1658.4,1366.4,1,26.8
M01249,2026-02-25 17:56:19,30,0,1786.6,1787.4,0,26.8
M01250,2026-01-25 11:07:00,40,0,1557.0,1616.8,1,26.9
M01251,2026-01-01 03:30:15,22,0,1465.4,1837.4,0,26.9
M01252,2026-04-22 00:14:27,29,0,1650.4,1496.6,1,26.8
M01253,2026-07-17 16:41:17,23,0,1346.6,1564.6,0,26.9
M01254,2026-07-08 12:01:15,25,0,1353.4,1703.0,0,26.8
M01255,2026-01-09 06:17:44,28,0,1757.8,1528.0,0,26.8
M01256,2026-05-27 11:39:16,36,0,1503.4,1701.4,0,26.8
M01257,2026-02-09 15:37:05,39,0,1507.8,1870.6,0,26.8
M01258,2026-08-30 20:33:30,31,0,1586.6,1591.0,1,26.6
M01259,2026-02-13 00:18:26,26,0,1851.0,1457.2,0,26.9
M01260,2026-06-11 01:06:38,43,0,1306.0,1724.4,0,26.7
M01261,2026-03-25 20:14:17,25,0,1594.2,1775.0,0,26.8
M01262,2026-06-14 21:09:00,25,0,1699.8,1295.2,1,26.8
M01263,2026-04-16 22:48:39,17,0,1596.4,1748.8,0,26.7
M01264,2026-07-15 05:28:42,36,0,1615.2,1841.4,0,26.8
M01265,2026-03-01 06:49:43,34,0,1641.2,1425.0,1,26.8
M01266,2026-08-21 18:55:26,43,0,1941.8,1600.6,1,26.9
M01267,2026-05-09 13:17:35,20,1,1557.2,1425.2,0,26.6
M01268,2026-07-14 07:34:57,37,0,1760.4,1441.4,1,26.8
M01269,2026-08-07 09:08:08,28,0,1664.6,1764.2,0,26.5
M01270,2026-09-14 16:46:29,33,0,1582.6,1662.4,0,26.6
M01271,2026-02-27 13:17:48,18,0,1777.8,1493.2,1,26.8
M01272,2026-03-15 17:33:08,37,0,1541.0,1593.2,1,26.8
M01273,2026-03-06 08:40:16,33,0,1659.4,1280.6,1,26.8
M01274,2026-03-09 13:23:25,28,0,1592.4,1802.2,1,26.7
M01275,2026-05-30 16:31:08,32,0,1663.4,1820.8,0,26.6
M01276,2026-09-13 08:02:48,23,0,1573.0,1448.6,1,26.6
M01277,2026-09-12 12:02:06,25,0,1816.8,1587.6,1,26.9
M01278,2026-05-16 09:08:14,25,0,1403.2,1528.0,1,26.9
M01279,2026-06-14 05:31:11,17,0,1705.6,1501.6,1,26.9
M01280,2026-08-10 00:17:53,33,0,1310.6,1572.2,0,26.8
M01281,2026-08-28 18:20:00,35,0,1660.2,1468.6,1,26.8
M01282,2026-02-22 09:24:44,24,0,1635.0,1924.4,1,26.7
M01283,2026-05-16 20:02:43,30,0,1333.8,1443.6,0,26.9
M01284,2026-08-03 00:56:20,26,0,1534.6,1448.4,1,26.8
M01285,2026-03-19 22:09:01,30,0,1778.2,1338.2,1,26.9
M01286,2026-04-24 00:44:31,24,0,1576.0,1553.8,0,26.5
M01287,2026-09-11 07:18:39,23,0,1676.2,1389.4,1,26.9
M01288,2026-09-11 03:46:04,34,0,1874.2,1506.4,1,26.6
M01289,2026-08-21 20:52:00,28,0,1810.0,1758.8,1,26.9
M01290,2026-07-25 04:49:45,40,0,1535.2,1532.0,0,26.6
M01291,2026-03-11 03:59:48,28,0,1342.4,1663.8,1,26.8
M01292,2026-03-24 11:00:11,22,0,1777.2,1848.2,1,26.6
M01293,2026-05-21 15:38:26,35,0,1559.8,1835.8,1,26.5
M01294,2026-05-25 02:52:29,32,0,1701.8,1758.8,0,26.7
M01295,2026-05-10 21:56:29,32,0,1717.2,1431.8,1,26.8
M01296,2026-06-13 14:58:56,35,0,1504.2,1421.8,1,26.6
M01297,2026-04-15 22:32:11,24,0,1694.2,1517.0,1,26.7
M01298,2026-07-12 12:54:22,27,0,1697.4,1644.8,1,26.9
M01299,2026-03-27 17:20:09,27,0,1719.0,1670.4,1,26.6
M01300,2026-03-26 23:36:56,20,0,1849.0,1766.0,0,26.9
M01301,2026-02-02 16:43:47,26,0,1437.8,1404.8,1,26.7
M01302,2026-02-18 11:58:36,36,0,1575.8,1499.2,1,26.5
M01303,2026-08-07 14:00:46,29,0,1608.2,1579.8,1,26.8
M01304,2026-04-25 16:40:10,20,0,1689.0,1614.8,1,26.7
M01305,2026-02-28 13:29:18,19,0,1476.2,1553.2,1,26.9
M01306,2026-07-15 03:36:57,38,0,1545.8,1357.4,1,26.7
M01307,2026-05-23 08:57:20,27,0,1612.0,1445.8,1,26.7
M01308,2026-01-06 10:29:25,24,1,1736.6,1504.8,0,26.5
M01309,2026-03-23 07:19:02,26,0,1521.0,1793.8,0,26.5
M01310,2026-02-15 11:44:40,19,0,1396.2,1651.2,0,26.9
M01311,2026-06-18 13:25:25,37,0,1797.4,1798.0,0,26.7
M01312,2026-03-12 16:23:29,26,0,1732.6,1599.8,0,26.7
M01313,2026-01-17 16:35:30,36,0,1789.0,1741.8,0,26.8
M01314,2026-01-15 02:50:20,28,0,1788.8,1525.8,1,26.8
M01315,2026-05-30 12:05:38,37,0,1444.8,1468.0,0,26.9
M01316,2026-01-06 13:59:24,30,0,1660.0,1565.4,1,26.9
M01317,2026-08-07 03:20:59,33,0,1741.4,1407.6,1,26.6
M01318,2026-02-09 22:29:21,32,0,1897.6,1734.8,1,26.6
M01319,2026-06-05 21:18:04,32,0,1572.4,1475.6,1,26.5
M01320,2026-04-25 06:50:08,30,0,1721.0,1321.2,1,26.5
M01321,2026-04-24 19:30:29,27,0,1666.8,1452.4,0,26.6
M01322,2026-01-19 10:50:41,39,0,1672.8,1715.8,1,26.7
M01323,2026-07-26 07:22:33,23,0,1583.4,1827.4,0,26.7
M01324,2026-08-18 12:20:51,28,0,1600.0,1558.2,0,26.7
M01325,2026-01-03 19:57:02,28,0,1706.8,1511.8,1,26.6
M01326,2026-02-15 21:37:50,30,0,1425.0,1616.6,0,26.9
M01327,2026-08-21 07:16:51,25,0,1472.8,1650.4,1,26.6
M01328,2026-05-22 05:16:35,30,0,1537.0,1790.6,1,26.8
M01329,2026-02-08 13:26:38,27,0,1772.8,1377.8,1,26.5
M01330,2026-02-22 02:48:41,19,0,1542.4,1616.4,1,26.7
M01331,2026-06-19 14:47:42,28,0,1551.0,1467.4,0,26.5
M01332,2026-07-06 06:40:12,21,0,1575.6,1732.6,1,26.7
M01333,2026-06-04 01:15:52,18,0,1483.6,1677.8,0,26.5
M01334,2026-09-02 23:01:09,29,0,1746.8,1499.2,1,26.9
M01335,2026-05-07 23:23:03,31,0,1640.0,1621.8,1,26.7
M01336,2026-03-19 04:04:37,31,0,1753.8,1634.0,0,26.9
M01337,2026-05-03 15:34:21,31,0,1398.4,2049.2,0,26.9
M01338,2026-04-03 10:25:18,16,0,1459.6,1484.4,1,26.9
M01339,2026-02-27 16:11:50,20,0,1616.4,1406.8,1,26.6
M01340,2026-01-12 19:30:04,40,0,1538.2,1739.8,0,26.6
M01341,2026-04-01 12:26:47,22,0,1746.0,1599.2,1,26.9
M01342,2026-07-02 19:58:22,32,0,1496.2,1840.8,0,26.6
M01343,2026-01-05 17:43:27,24,0,1432.0,1680.4,0,26.6
M01344,2026-04-23 20:51:11,28,0,1419.4,1808.4,0,26.9
M01345,2026-06-15 12:14:59,24,0,1406.6,1508.8,1,26.9
M01346,2026-06-06 20:58:21,31,0,1375.2,1537.0,0,26.6
M01347,2026-07-19 14:22:03,29,0,1294.0,1494.0,0,26.7
M01348,2026-07-28 07:17:08,25,0,1766.0,1785.6,1,26.6
M01349,2026-07-02 21:48:05,22,0,1538.6,1569.0,0,26.7
M01350,2026-01-27 10:03:22,30,0,1856.6,1562.6,1,26.8
M01351,2026-05-03 01:56:18,21,0,1779.4,1618.4,1,26.8
M01352,2026-06-05 01:48:28,31,0,1520.6,1580.0,1,26.5
M01353,2026-03-05 02:39:04,44,0,1603.6,1582.8,0,26.6
M01354,2026-01-11 22:27:34,36,0,1553.2,1452.0,1,26.5
M01355,2026-02-27 11:06:18,32,0,1650.8,1819.4,0,26.9
M01356,2026-04-27 21:47:19,27,0,1417.8,1870.0,0,26.6
M01357,2026-04-17 09:07:19,16,0,1524.8,1599.2,0,26.9
M01358,2026-02-15 09:40:54,20,0,1617.6,1861.0,0,26.9
M01359,2026-07-31 20:59:42,36,0,1573.8,1924.0,0,26.8
M01360,2026-08-26 21:38:07,23,0,1649.8,1550.6,1,26.6
M01361,2026-02-21 17:54:59,24,0,1491.6,1661.2,1,26.9
M01362,2026-08-27 21:36:20,27,0,1883.2,1895.2,0,26.9
M01363,2026-01-05 14:09:59,22,0,1635.2,1178.0,1,26.7
M01364,2026-08-26 17:10:06,21,0,1470.8,1661.0,0,26.6
M01365,2026-09-02 15:29:48,28,0,1617.6,1362.6,1,26.7
M01366,2026-01-04 02:20:09,23,0,1463.6,1546.2,0,26.6
M01367,2026-07-16 02:18:10,24,0,1573.8,1447.6,1,26.6
M01368,2026-09-07 08:12:11,23,0,1339.4,1739.4,0,26.7
M01369,2026-08-21 19:36:17,31,0,1638.8,1860.6,0,26.8
M01370,2026-09-07 11:20:24,27,0,1661.0,1562.4,0,26.9
M01371,2026-05-22 10:23:43,27,0,1860.4,1573.0,1,26.9
M01372,2026-01-21 02:04:01,32,0,1518.4,1632.6,0,26.9
M01373,2026-08-07 09:29:59,27,0,1547.8,1564.4,1,26.9
M01374,2026-06-07 18:05:33,26,0,1410.6,1897.2,1,26.9
M01375,2026-06-07 23:41:46,31,0,1914.2,1611.2,1,26.6
M01376,2026-04-18 05:37:12,32,0,1744.8,1623.2,1,26.8
M01377,2026-05-27 23:07:16,27,0,1437.4,1398.8,1,26.9
M01378,2026-02-09 11:16:48,28,0,1766.4,1776.6,1,26.5
M01379,2026-07-10 02:54:05,23,1,1584.6,1496.4,1,26.7
M01380,2026-01-20 06:42:24,23,0,1735.8,1467.4,1,26.7
M01381,2026-07-07 13:17:15,33,0,1530.2,1635.4,0,26.8
M01382,2026-08-07 04:29:56,31,0,1685.2,1563.2,1,26.5
M01383,2026-05-02 10:11:12,31,0,1253.6,1677.4,0,26.5
M01384,2026-05-12 00:38:01,30,0,1474.4,1209.6,1,26.8
M01385,2026-03-22 05:44:15,28,0,1675.8,1627.8,0,26.5
M01386,2026-09-07 03:37:13,32,0,1612.8,1478.4,1,26.9
M01387,2026-07-08 09:54:42,34,0,1567.6,1312.0,1,26.9
M01388,2026-04-05 19:55:17,33,0,1403.0,1570.2,1,26.6
M01389,2026-02-14 22:12:43,27,0,1525.2,1604.4,1,26.8
M01390,2026-02-26 10:22:00,36,0,1615.2,1887.2,0,26.8
M01391,2026-04-30 05:28:21,29,0,1556.2,1524.4,1,26.9
M01392,2026-08-31 05:45:42,32,0,1470.6,1472.2,1,26.5
M01393,2026-07-08 16:12:52,30,0,1744.0,1588.0,1,26.9
M01394,2026-02-25 07:37:24,29,0,1582.8,1357.8,1,26.6
M01395,2026-08-09 21:46:23,24,0,1561.8,1577.6,0,26.6
M01396,2026-04-08 04:44:26,32,0,1662.4,1508.0,1,26.8
M01397,2026-08-07 21:25:20,45,0,1535.0,1737.6,0,26.9
M01398,2026-03-04 02:48:11,26,0,1651.2,1546.2,1,26.9
M01399,2026-06-08 23:53:55,28,0,1892.6,1500.0,1,26.6
M01400,2026-08-27 03:42:12,25,0,1505.6,1404.6,0,26.9
M01401,2026-03-08 06:41:24,25,0,1785.2,1567.0,1,26.6
M01402,2026-06-28 01:58:16,37,0,1483.4,1307.6,1,26.8
M01403,2026-09-11 17:44:39,24,0,1498.2,1772.0,1,26.9
M01404,2026-02-08 16:53:24,25,0,1721.4,1613.6,1,26.7
M01405,2026-01-23 17:15:55,18,0,1615.8,1788.4,0,26.6
M01406,2026-06-23 06:26:09,23,0,1538.4,1420.6,0,26.8
M01407,2026-03-29 07:29:28,18,1,1792.6,1802.4,1,26.5
M01408,2026-01-19 07:26:09,32,0,1779.6,1809.2,0,26.8
M01409,2026-05-03 03:41:06,45,0,1687.6,1633.8,0,26.9
M01410,2026-07-13 17:15:27,26,0,1707.4,1509.6,1,26.8
M01411,2026-03-15 06:38:05,18,0,1585.2,1557.6,1,26.6
M01412,2026-03-28 02:34:08,33,0,1580.8,1421.2,1,26.8
M01413,2026-08-06 08:16:26,24,0,1591.0,1530.0,1,26.5
M01414,2026-05-14 15:48:12,36,0,1825.0,1594.8,1,26.9
M01415,2026-08-05 13:58:14,26,0,1652.4,1546.6,0,26.5
M01416,2026-04-25 17:19:49,24,0,1468.2,1459.4,1,26.6
M01417,2026-09-02 21:57:02,27,0,1630.8,1444.0,1,26.7
M01418,2026-06-17 06:06:03,33,0,1533.2,1612.8,0,26.7
M01419,2026-01-30 18:51:51,27,0,1575.4,1567.6,0,26.9
M01420,2026-08-16 11:15:12,25,0,1306.4,1689.4,0,26.6
M01421,2026-05-06 17:47:15,27,0,1680.4,1440.2,1,26.7
M01422,2026-02-06 09:37:44,20,0,1669.6,1537.6,0,26.9
M01423,2026-02-09 05:47:33,30,0,1752.4,1596.4,1,26.7
M01424,2026-06-26 16:42:33,17,0,1758.8,1539.0,1,26.5
M01425,2026-01-13 04:11:37,25,0,1660.8,1474.4,0,26.5
M01426,2026-03-15 15:42:37,33,0,1721.6,1557.6,1,26.9
M01427,2026-02-05 22:12:35,30,0,1837.8,1705.4,1,26.8
M01428,2026-04-24 08:33:56,32,0,1537.8,1475.0,1,26.5
M01429,2026-04-17 11:44:02,28,0,1565.8,1538.0,1,26.8
M01430,2026-05-15 02:56:01,35,0,1568.6,1623.4,0,26.9
M01431,2026-03-13 20:47:48,34,0,1611.8,1725.8,0,26.6
M01432,2026-01-09 05:38:41,31,0,1769.8,1516.2,1,26.6
M01433,2026-06-07 21:32:00,34,0,1546.8,1834.0,0,26.8
M01434,2026-04-07 01:05:33,33,0,1727.0,1594.0,1,26.5
M01435,2026-06-17 09:26:03,25,0,1633.2,1513.0,1,26.7
M01436,2026-01-28 22:15:28,20,0,1699.6,1675.8,1,26.7
M01437,2026-01-04 12:58:43,31,0,1558.0,1643.6,0,26.9
M01438,2026-03-05 19:28:44,31,0,1748.2,1504.2,1,26.7
M01439,2026-04-28 07:59:01,35,0,1903.4,1864.8,1,26.8
M01440,2026-04-12 06:38:09,22,0,1377.0,1443.8,1,26.9
M01441,2026-07-28 05:56:46,23,0,1588.4,1671.6,0,26.7
M01442,2026-04-08 02:30:09,31,0,1564.8,1309.4,1,26.7
M01443,2026-05-17 07:45:40,28,0,1634.6,1635.4,1,26.9
M01444,2026-06-02 12:48:15,17,0,1680.4,1433.2,1,26.6
M01445,2026-01-06 14:39:21,30,0,1571.8,1692.2,1,26.7
M01446,2026-05-13 09:20:33,17,0,1506.6,1724.0,1,26.9
M01447,2026-03-30 14:55:09,22,0,1911.8,1371.8,1,26.7
M01448,2026-04-19 06:27:20,36,0,1887.8,1653.8,0,26.9
M01449,2026-01-26 18:34:21,39,0,1690.4,1453.0,1,26.8
M01450,2026-07-21 04:26:14,21,0,1428.4,1381.0,1,26.7
M01451,2026-08-31 04:44:57,26,0,1780.6,1413.0,0,26.9
M01452,2026-01-06 17:21:14,28,0,1699.6,1606.2,1,26.5
M01453,2026-06-04 13:16:01,39,0,1551.0,1493.6,1,26.6
M01454,2026-07-16 07:23:24,25,0,1484.4,1425.4,0,26.7
M01455,2026-03-15 04:41:35,25,0,1654.6,1638.4,1,26.8
M01456,2026-07-22 09:38:34,37,0,1418.0,1498.2,1,26.7
M01457,2026-06-12 12:21:57,26,0,1439.0,1536.8,1,26.6
M01458,2026-08-27 19:04:30,32,0,1485.6,1461.4,0,26.8
M01459,2026-09-10 02:50:15,19,0,1461.4,1696.0,0,26.8
M01460,2026-01-11 21:11:26,27,0,1553.6,1628.6,1,26.7
M01461,2026-04-25 08:22:33,18,0,1700.6,1457.2,1,26.5
M01462,2026-05-21 13:49:14,22,0,1697.8,1378.2,1,26.8
M01463,2026-02-07 17:06:44,33,0,1399.2,1812.8,0,26.9
M01464,2026-03-28 10:12:39,28,0,1914.4,1335.6,1,26.8
M01465,2026-09-11 19:48:34,26,0,1549.8,1825.8,0,26.6
M01466,2026-01-05 04:06:34,24,0,1534.8,1611.0,0,26.8
M01467,2026-04-27 07:04:08,27,0,1623.2,1769.4,0,26.9
M01468,2026-08-05 13:29:37,30,0,1537.6,1533.6,1,26.8
M01469,2026-03-25 05:49:22,34,0,1518.6,1620.6,1,26.5
M01470,2026-05-04 07:23:49,16,0,1807.4,1816.4,1,26.7
M01471,2026-09-09 08:35:10,23,1,1428.6,1724.0,0,26.6
M01472,2026-05-03 01:02:25,29,0,1547.6,1607.2,0,26.9
M01473,2026-02-03 15:31:21,27,0,1512.6,1702.2,0,26.8
M01474,2026-01-14 07:01:05,30,0,1466.8,1856.2,0,26.8
M01475,2026-08-31 23:19:45,30,0,1783.2,1336.0,1,26.6
M01476,2026-03-10 07:30:44,26,0,1601.6,1587.4,0,26.9
M01477,2026-05-10 13:03:58,25,0,1492.2,1595.2,1,26.7
M01478,2026-01-24 07:26:54,27,0,1818.0,1568.0,1,26.9
M01479,2026-04-19 21:06:17,35,0,1349.4,1626.8,1,26.6
M01480,2026-08-28 00:53:27,24,0,1651.8,1624.4,1,26.8
M01481,2026-05-10 02:53:00,28,0,1398.4,1388.8,0,26.7
M01482,2026-09-07 13:57:41,29,0,1591.8,1437.8,1,26.6
M01483,2026-03-08 12:29:53,37,0,1472.2,1423.0,1,26.9
M01484,2026-05-10 16:02:06,26,0,1517.6,1860.0,0,26.6
M01485,2026-08-09 21:35:09,34,0,1325.2,1499.6,0,26.9
M01486,2026-04-26 04:49:13,35,0,1490.2,1421.8,1,26.5
M01487,2026-03-13 19:52:41,28,0,1445.2,1664.4,0,26.6
M01488,2026-08-08 20:34:19,27,0,1920.4,1461.0,1,26.9
M01489,2026-04-11 04:50:17,26,0,1814.8,1487.0,0,26.8
M01490,2026-05-17 09:30:04,26,0,1440.2,1777.6,0,26.7
M01491,2026-09-08 23:13:08,33,0,1412.6,1716.8,1,26.7
M01492,2026-02-17 22:13:44,29,0,1481.0,1755.6,0,26.8
M01493,2026-03-19 11:02:20,29,0,1679.2,1646.2,0,26.9
M01494,2026-01-08 23:38:14,21,0,1577.8,1673.2,1,26.8
M01495,2026-04-11 16:51:17,22,0,1632.8,1472.8,1,26.8
M01496,2026-02-21 10:43:53,41,0,1464.8,1434.2,1,26.9
M01497,2026-06-24 18:27:19,27,0,1601.6,1570.0,1,26.9
M01498,2026-02-16 14:23:26,23,0,1725.4,1845.0,1,26.9
M01499,2026-06-23 10:14:42,37,0,1801.6,1397.6,1,26.9
M01500,2026-03-09 17:06:59,30,0,1350.0,1669.8,0,26.8
M01501,2026-04-02 06:59:00,31,0,1679.6,1358.2,1,26.7
M01502,2026-03-31 15:46:21,27,0,1378.6,1438.4,1,26.8
M01503,2026-07-04 04:55:29,26,0,1569.6,1629.2,1,26.6
M01504,2026-04-30 21:25:44,27,0,1702.2,1340.6,1,26.5
M01505,2026-04-03 20:29:29,20,0,1722.8,1285.6,1,26.7
M01506,2026-08-08 02:58:36,27,0,1450.4,1588.0,0,26.6
M01507,2026-05-27 23:47:29,30,0,1653.0,1601.8,1,26.9
M01508,2026-02-24 22:54:30,39,0,1652.4,1461.2,0,26.8
M01509,2026-08-20 07:45:46,29,0,1901.0,1605.8,0,26.6
M01510,2026-03-30 01:28:01,16,0,1553.4,1756.0,0,26.8
M01511,2026-01-11 00:25:29,27,0,1434.0,1533.2,1,26.9
M01512,2026-05-08 02:41:39,44,0,1698.4,1661.8,0,26.7
M01513,2026-02-01 20:26:59,33,0,1611.6,1777.8,0,26.9
M01514,2026-03-03 06:51:39,23,1,1561.6,1569.6,1,26.6
M01515,2026-07-12 00:10:47,32,0,1593.0,1696.6,1,26.9
M01516,2026-02-03 14:28:37,24,0,1505.2,1774.0,1,26.9
M01517,2026-07-27 09:13:55,20,0,1731.4,1798.4,0,26.8
M01518,2026-08-29 18:50:38,26,0,1557.8,1621.0,0,26.9
M01519,2026-06-05 21:05:23,29,0,1866.0,1574.2,1,26.8
M01520,2026-07-02 13:29:43,17,0,1661.8,1746.2,0,26.6
M01521,2026-07-03 09:24:07,21,0,1494.4,1499.8,1,26.8
M01522,2026-09-13 03:38:22,28,0,1567.2,1501.0,1,26.9
M01523,2026-03-29 18:36:28,26,0,1622.4,1717.8,0,26.7
M01524,2026-02-11 20:29:57,30,0,1726.2,1601.8,1,26.7
M01525,2026-05-14 10:13:24,21,0,1771.4,1545.2,1,26.7
M01526,2026-05-18 01:05:05,32,0,1734.4,1311.6,0,26.8
M01527,2026-02-15 17:21:51,21,0,1468.6,1514.8,1,26.7
M01528,2026-06-07 13:39:32,38,0,1560.0,1544.0,0,26.9
M01529,2026-01-04 15:07:16,18,0,1426.6,1563.6,1,26.9
M01530,2026-08-27 09:51:31,21,0,1915.8,1441.2,1,26.5
M01531,2026-03-09 23:53:38,31,0,1344.8,1467.8,0,26.7
M01532,2026-01-11 04:00:26,38,0,1816.6,1434.8,1,26.9
M01533,2026-01-28 19:40:57,30,0,1768.4,1624.8,1,26.6
M01534,2026-03-03 17:51:19,31,0,1614.4,1368.6,1,26.8
M01535,2026-03-12 09:27:11,28,0,1347.4,1741.0,0,26.7
M01536,2026-01-09 10:22:19,22,0,1571.6,1664.6,1,26.9
M01537,2026-03-13 19:03:37,25,0,1442.8,1706.6,0,26.9
M01538,2026-02-19 14:03:52,21,0,1448.0,1727.4,0,26.5
M01539,2026-04-08 07:20:01,20,0,1288.2,1567.4,1,26.9
M01540,2026-04-09 23:42:52,30,0,1617.6,1896.8,0,26.5
M01541,2026-03-29 02:59:59,21,0,1379.0,1618.6,0,26.9
M01542,2026-03-26 06:38:04,30,0,1476.0,1436.0,1,26.8
M01543,2026-01-24 01:27:45,20,0,1450.4,1412.0,1,26.6
M01544,2026-01-07 11:27:50,30,0,1686.4,1568.4,1,26.6
M01545,2026-02-21 22:38:27,25,0,1538.0,1604.6,0,26.6
M01546,2026-07-14 11:00:49,36,0,1587.6,1351.0,1,26.7
M01547,2026-09-12 15:18:52,30,0,1504.0,1643.2,0,26.8
M01548,2026-08-27 15:08:58,35,0,1732.8,1523.0,1,26.8
M01549,2026-05-10 14:01:29,23,0,1437.6,1644.8,0,26.7
M01550,2026-05-17 16:17:22,28,0,1909.8,1307.6,1,26.9
M01551,2026-03-22 20:20:20,22,0,1654.4,1248.0,1,26.7
M01552,2026-07-18 21:39:30,26,0,1576.4,1578.8,0,26.6
M01553,2026-07-16 13:01:09,26,0,1653.8,1622.8,1,26.8
M01554,2026-08-05 23:28:18,24,0,1566.0,1704.4,0,26.6
M01555,2026-08-19 03:28:20,21,0,1716.4,1593.0,1,26.9
M01556,2026-04-22 15:03:58,20,0,1319.8,1511.6,0,26.6
M01557,2026-07-17 02:05:18,16,0,1664.2,1484.8,0,26.7
M01558,2026-07-27 05:52:02,22,0,1628.0,1492.2,1,26.8
M01559,2026-03-21 06:34:44,32,0,1890.0,1606.6,0,26.9
M01560,2026-08-27 19:33:58,18,0,1702.0,1660.2,1,26.7
M01561,2026-01-25 05:53:54,20,0,1627.6,1431.0,1,26.9
M01562,2026-09-13 12:39:08,39,0,1631.0,1577.6,0,26.7
M01563,2026-07-17 21:55:10,24,0,1678.2,1665.4,1,26.8
M01564,2026-01-24 23:17:41,30,0,1573.2,1635.4,0,26.8
M01565,2026-06-18 15:37:28,32,0,1460.2,1369.2,1,26.9
M01566,2026-01-09 18:49:06,32,0,1517.0,1761.8,0,26.7
M01567,2026-07-17 22:30:47,19,0,1685.2,1654.4,1,26.7
M01568,2026-07-25 09:36:25,27,0,1784.6,1551.6,1,26.9
M01569,2026-06-04 19:39:59,18,0,1916.4,1409.0,1,26.9
M01570,2026-08-09 05:06:53,43,0,1472.0,1691.8,0,26.8
M01571,2026-01-26 03:44:38,18,0,1542.6,1461.8,1,26.9
M01572,2026-03-12 21:53:53,22,0,1457.8,1533.4,1,26.5
M01573,2026-04-17 10:38:49,22,0,1640.2,1758.8,0,26.7
M01574,2026-01-11 21:52:50,19,0,1587.0,1635.6,0,26.5
M01575,2026-04-26 04:35:48,36,0,1849.6,1436.6,1,26.7
M01576,2026-03-10 03:50:11,43,0,1371.2,1580.8,0,26.9
M01577,2026-04-11 22:23:22,25,0,1482.0,1534.8,1,26.8
M01578,2026-04-20 06:01:58,20,0,1535.6,1568.4,1,26.7
M01579,2026-08-15 00:12:41,16,0,1515.4,1752.8,0,26.5
M01580,2026-03-11 11:27:47,27,0,1295.2,1652.8,0,26.9
M01581,2026-08-18 16:36:27,26,0,1417.6,1830.0,1,26.8
M01582,2026-04-20 11:23:20,24,0,1835.2,1628.6,1,26.8
M01583,2026-03-26 05:55:04,29,0,1613.0,1590.8,0,26.6
M01584,2026-05-10 03:29:39,30,0,1879.8,1584.2,1,26.5
M01585,2026-04-18 08:38:26,30,0,1777.8,1392.0,1,26.7
M01586,2026-03-08 03:28:20,26,0,1483.4,1590.0,0,26.7
M01587,2026-05-10 04:31:33,21,0,1714.4,1466.6,0,26.7
M01588,2026-02-09 00:18:47,32,0,1659.0,1633.6,1,26.8
M01589,2026-04-01 10:42:13,28,0,1631.8,1721.4,0,26.9
M01590,2026-05-26 09:47:38,33,0,1754.0,1472.6,1,26.7
M01591,2026-04-17 05:54:07,33,0,1702.6,1501.0,1,26.6
M01592,2026-07-31 17:53:29,19,0,1672.6,1785.8,0,26.7
M01593,2026-03-07 23:27:35,19,0,1624.0,1206.6,1,26.7
M01594,2026-09-07 05:33:03,23,0,1697.6,1742.4,0,26.8
M01595,2026-07-21 16:09:55,22,0,1550.2,1404.0,0,26.8
M01596,2026-09-06 16:06:49,33,0,1814.2,1570.2,1,26.7
M01597,2026-08-04 09:37:34,30,0,1609.4,1706.0,0,26.6
M01598,2026-02-06 12:29:49,35,0,1494.4,1692.2,0,26.8
M01599,2026-05-16 07:12:21,30,0,1403.2,1490.0,1,26.7
M01600,2026-02-13 16:25:39,29,0,1405.0,1688.2,0,26.8
M01601,2026-07-30 06:49:34,35,0,1588.0,1476.6,1,26.8
M01602,2026-05-31 03:06:43,31,0,1697.2,1799.8,1,26.8
M01603,2026-03-09 16:57:19,28,0,1469.2,1691.8,0,26.9
M01604,2026-08-27 21:45:59,37,0,1607.6,1668.0,0,26.7
M01605,2026-01-30 14:28:03,29,0,1532.0,1808.4,0,26.6
M01606,2026-05-25 21:54:11,26,0,1300.4,1542.0,0,26.7
M01607,2026-07-05 07:22:41,23,0,1865.4,1387.0,1,26.5
M01608,2026-01-16 02:58:40,32,0,1723.0,1479.2,1,26.7
M01609,2026-06-03 15:34:33,35,0,1757.4,1537.6,1,26.9
M01610,2026-07-29 16:28:43,28,0,1736.4,1717.4,1,26.5
M01611,2026-01-18 08:30:30,36,0,1479.6,1731.6,0,26.6
M01612,2026-05-12 15:30:52,16,0,1502.4,1654.0,0,26.7
M01613,2026-03-08 10:46:50,28,0,1493.8,1492.6,0,26.7
M01614,2026-06-20 08:55:04,28,0,1408.2,1777.2,0,26.8
M01615,2026-01-31 12:00:07,24,0,1608.6,1516.2,1,26.8
M01616,2026-08-29 19:43:59,42,0,1291.0,1593.0,0,26.9
M01617,2026-08-18 22:41:09,28,0,1316.4,1712.2,0,26.9
M01618,2026-02-17 19:05:24,26,0,1459.0,1625.2,0,26.8
M01619,2026-03-25 01:54:14,28,0,1334.4,1765.4,0,26.8
M01620,2026-06-01 00:31:57,16,0,1635.0,1661.0,0,26.9
M01621,2026-07-04 13:00:30,23,1,1552.6,1606.6,0,26.8
M01622,2026-04-24 18:18:08,34,0,1549.8,1585.6,1,26.9
M01623,2026-02-10 04:00:17,24,1,1482.2,1394.4,1,26.9
M01624,2026-01-27 18:24:23,23,0,1510.8,1552.6,0,26.9
M01625,2026-09-14 22:33:09,36,0,1593.0,1701.8,0,26.5
M01626,2026-04-28 00:36:42,36,0,1670.0,1670.2,1,26.9
M01627,2026-08-13 05:46:32,31,0,1670.2,1846.2,0,26.6
M01628,2026-05-04 23:17:42,25,0,1403.0,1732.6,0,26.7
M01629,2026-08-26 01:06:06,27,0,1598.6,1537.4,1,26.8
M01630,2026-01-23 13:17:59,23,1,1725.2,1559.6,0,26.6
M01631,2026-01-30 07:16:13,22,0,1658.2,1643.4,0,26.8
M01632,2026-08-27 21:58:16,22,0,2043.0,1566.8,1,26.8
M01633,2026-09-01 12:08:13,24,0,1393.8,1516.6,1,26.9
M01634,2026-03-22 21:10:37,22,0,1637.8,1639.4,1,26.7
M01635,2026-04-02 06:39:25,19,0,1534.2,1528.4,0,26.9
M01636,2026-04-27 06:42:46,29,0,1537.6,1745.2,0,26.7
M01637,2026-04-17 22:53:06,29,0,1713.0,1812.4,0,26.6
M01638,2026-02-18 20:11:56,38,0,1419.4,1585.6,0,26.8
M01639,2026-08-19 21:10:45,24,0,1786.2,1626.6,0,26.7
M01640,2026-03-07 02:24:04,30,0,1690.2,1662.2,0,26.8
M01641,2026-07-01 06:07:12,30,0,1900.8,1553.2,1,26.8
M01642,2026-01-18 06:12:58,26,0,1586.6,1756.2,1,26.5
M01643,2026-01-10 23:01:05,32,0,1817.6,1620.2,1,26.8
M01644,2026-06-18 00:12:34,33,0,1666.8,1378.2,1,26.8
M01645,2026-03-29 03:02:59,30,0,1478.0,1866.4,0,26.8
M01646,2026-06-18 10:52:24,26,0,1470.8,1709.0,0,26.9
M01647,2026-01-25 03:55:21,26,0,1731.4,1587.6,1,26.9
M01648,2026-09-02 02:40:59,20,0,1566.4,1795.4,0,26.7
M01649,2026-07-12 08:50:14,23,0,1746.6,1720.0,1,26.9
M01650,2026-08-14 04:48:58,24,0,1561.8,1506.0,1,26.8
M01651,2026-02-05 01:45:01,21,0,1638.8,1609.8,0,26.8
M01652,2026-03-24 06:45:10,31,0,1462.8,1582.8,1,26.8
M01653,2026-04-05 15:56:48,35,0,1651.6,1506.4,0,26.5
M01654,2026-05-19 01:16:51,23,1,1406.4,1673.8,0,26.7
M01655,2026-03-18 07:05:05,30,0,1631.4,1648.2,1,26.9
M01656,2026-01-16 13:58:13,22,0,1823.2,1449.2,1,26.7
M01657,2026-04-05 19:14:30,26,0,1631.4,1450.0,1,26.7
M01658,2026-03-07 10:03:36,24,0,1468.0,1680.6,0,26.8
M01659,2026-04-10 04:21:45,32,0,1683.8,1858.4,0,26.6
M01660,2026-02-20 14:50:47,24,0,1590.4,1639.2,1,26.5
M01661,2026-03-09 07:22:36,34,0,1648.6,1619.0,0,26.5
M01662,2026-06-11 03:02:31,27,0,1363.0,1666.0,0,26.7
M01663,2026-04-10 18:07:58,24,1,1483.8,1470.2,0,26.5
M01664,2026-03-30 18:19:29,20,0,1847.2,1642.8,1,26.8
M01665,2026-05-18 05:07:47,30,0,1535.0,1391.6,1,26.6
M01666,2026-07-18 08:50:08,33,0,1851.8,1540.6,0,26.7
M01667,2026-04-08 08:51:27,30,0,1655.0,1628.0,0,26.8
M01668,2026-05-31 23:49:12,41,0,1577.6,1736.8,1,26.9
M01669,2026-09-06 07:32:16,37,0,1483.0,1761.2,0,26.9
M01670,2026-05-15 03:34:24,26,0,1541.8,1462.2,0,26.8
M01671,2026-08-22 19:37:53,26,0,1864.6,1447.6,1,26.7
M01672,2026-07-23 23:22:21,31,0,1584.0,1719.0,0,26.5
M01673,2026-01-16 02:10:36,23,0,1446.2,1735.8,0,26.8
M01674,2026-04-21 06:40:54,35,0,1607.4,1621.8,1,26.8
M01675,2026-06-29 11:13:40,30,0,1556.4,1593.8,1,26.7
M01676,2026-09-11 14:02:20,30,0,1689.8,1578.6,0,26.9
M01677,2026-04-28 19:15:53,32,0,1824.6,1493.0,1,26.6
M01678,2026-01-24 20:18:02,38,0,1830.8,1894.6,0,26.7
M01679,2026-05-25 10:28:21,29,0,1651.4,1818.2,0,26.8
M01680,2026-02-02 12:38:43,27,0,1570.8,1359.0,1,26.5
M01681,2026-07-13 03:22:21,37,0,1552.2,1709.8,0,26.8
M01682,2026-05-11 11:21:06,34,0,1462.0,1683.0,0,26.6
M01683,2026-07-05 22:07:28,26,0,1624.0,1572.6,1,26.8
M01684,2026-08-12 10:13:25,28,0,1659.4,1706.0,0,26.8
M01685,2026-06-11 15:21:04,29,0,1686.0,1629.4,1,26.7
M01686,2026-06-07 09:31:32,30,0,1636.2,1860.2,0,26.9
M01687,2026-07-13 22:11:22,20,0,1378.2,1658.6,0,26.8
M01688,2026-08-05 12:15:44,19,0,1817.4,1865.8,0,26.9
M01689,2026-08-12 08:19:25,23,0,1505.0,1912.4,0,26.9
M01690,2026-01-10 08:42:05,22,1,1644.2,1301.4,1,26.6
M01691,2026-05-23 22:34:54,24,0,1344.8,1667.6,0,26.7
M01692,2026-02-25 13:56:56,32,0,1744.4,1732.4,1,26.8
M01693,2026-08-10 02:36:48,27,0,1806.2,1506.2,1,26.8
M01694,2026-06-16 15:19:00,29,0,1623.8,1352.4,0,26.8
M01695,2026-04-18 23:55:56,21,0,1932.6,1533.2,1,26.9
M01696,2026-02-18 08:13:36,25,0,1641.0,1395.8,1,26.6
M01697,2026-03-29 03:05:51,32,0,1702.6,1589.8,1,26.7
M01698,2026-06-30 20:54:02,32,0,1418.8,1408.6,0,26.6
M01699,2026-02-22 12:29:22,24,0,1609.0,1553.0,1,26.7
M01700,2026-01-25 01:13:10,29,0,1519.6,1588.4,0,26.9
M01701,2026-08-17 05:21:40,41,0,1710.8,1314.8,1,26.6
M01702,2026-07-16 09:38:57,28,0,1568.8,1334.2,1,26.7
M01703,2026-02-21 08:20:06,24,0,1471.6,1852.8,0,26.9
M01704,2026-03-17 02:58:39,27,0,1758.6,1397.6,1,26.5
M01705,2026-09-07 19:43:43,29,0,1747.6,1427.4,1,26.9
M01706,2026-07-02 00:04:54,27,0,1410.4,1599.8,0,26.6
M01707,2026-06-06 21:41:58,28,0,1630.2,1552.4,0,26.8
M01708,2026-03-21 01:27:08,19,0,1467.4,1555.0,0,26.5
M01709,2026-03-18 21:00:14,22,0,1642.8,1276.2,1,26.8
M01710,2026-01-11 03:46:54,27,0,1630.0,1529.4,1,26.6
M01711,2026-07-07 05:16:34,27,0,1406.8,1618.0,0,26.8
M01712,2026-01-12 02:18:17,25,0,1572.2,1743.0,0,26.7
M01713,2026-01-02 05:57:36,27,0,1680.2,1755.6,0,26.8
M01714,2026-07-07 11:31:32,28,0,1451.0,1353.4,1,26.8
M01715,2026-09-01 20:39:12,33,0,1631.4,1501.0,1,26.7
M01716,2026-07-14 10:06:38,27,0,1815.2,1521.0,1,26.7
M01717,2026-05-02 05:04:36,30,0,1395.6,1415.4,1,26.8
M01718,2026-05-05 21:55:37,25,0,1779.0,1729.0,1,26.9
M01719,2026-04-23 02:05:22,31,0,1861.4,1457.8,1,26.6
M01720,2026-03-25 10:24:07,30,0,1681.8,1330.2,1,26.8
M01721,2026-05-15 01:55:59,33,0,1466.0,1644.6,1,26.8
M01722,2026-04-21 19:20:20,32,0,1247.2,1689.0,0,26.8
M01723,2026-06-03 17:29:58,32,0,1659.2,1685.2,0,26.8
M01724,2026-08-19 19:36:16,27,0,1417.6,1623.8,0,26.9
M01725,2026-09-13 17:13:05,29,0,1842.6,1439.4,1,26.9
M01726,2026-01-21 05:41:19,34,0,1717.4,1616.2,1,26.9
M01727,2026-04-09 20:43:39,24,0,1728.6,1318.8,1,26.5
M01728,2026-02-16 10:35:44,24,0,1691.0,1735.8,0,26.9
M01729,2026-04-01 11:52:44,29,0,1549.2,1643.8,0,26.8
M01730,2026-03-15 21:08:00,30,0,1591.2,1669.6,0,26.6
M01731,2026-02-14 20:32:42,23,0,1496.4,1704.2,1,26.7
M01732,2026-07-16 08:49:15,28,0,1570.0,1661.8,0,26.5
M01733,2026-05-08 13:06:32,27,0,2015.2,1551.2,1,26.8
M01734,2026-08-25 05:54:24,16,0,1492.0,1945.6,1,26.8
M01735,2026-01-09 09:01:48,27,0,1820.6,1478.6,1,26.8
M01736,2026-01-18 05:07:13,27,0,1445.4,1615.6,0,26.7
M01737,2026-04-14 15:23:29,27,0,1768.2,1676.4,0,26.8
M01738,2026-01-21 15:09:01,36,0,1978.8,1774.8,0,26.8
M01739,2026-03-09 12:30:58,21,0,1804.4,1729.0,1,26.7
M01740,2026-09-11 09:49:53,23,1,1756.2,1649.0,0,26.5
M01741,2026-02-23 16:51:46,16,0,1638.0,1701.2,0,26.7
M01742,2026-02-20 21:59:24,25,0,1467.0,1638.2,0,26.7
M01743,2026-05-28 10:12:56,26,0,1673.6,1418.6,1,26.9
M01744,2026-05-08 23:39:12,25,0,1694.8,1772.6,0,26.8
M01745,2026-05-30 04:08:36,35,0,1500.0,1689.0,0,26.6
M01746,2026-04-07 19:42:11,33,0,1513.2,1787.2,0,26.8
M01747,2026-08-01 11:28:12,28,0,1852.4,1461.6,1,26.9
M01748,2026-02-05 14:45:53,26,0,1399.4,1355.0,0,26.5
M01749,2026-04-21 02:19:33,34,0,1726.2,1650.0,0,26.9
M01750,2026-06-27 06:27:03,28,0,1513.6,1772.6,0,26.6
M01751,2026-08-12 03:16:56,23,0,1768.4,1530.0,1,26.7
M01752,2026-04-05 23:31:03,18,0,1667.4,1588.8,1,26.7
M01753,2026-05-26 21:51:17,25,0,1859.6,1497.4,1,26.9
M01754,2026-01-18 18:27:18,33,0,1691.8,1574.0,0,26.9
M01755,2026-02-13 18:31:41,42,0,1511.4,1674.8,0,26.9
M01756,2026-01-18 18:26:39,28,0,1542.8,1625.6,0,26.9
M01757,2026-07-07 01:34:09,23,0,1454.2,1612.0,0,26.7
M01758,2026-03-16 00:45:13,21,0,1603.8,1713.8,0,26.9
M01759,2026-07-06 00:03:39,31,0,1560.0,1733.2,0,26.6
M01760,2026-01-18 01:32:40,17,0,1423.2,1703.4,0,26.7
M01761,2026-08-10 16:11:41,31,0,1760.0,1364.4,1,26.6
M01762,2026-08-03 17:33:00,33,0,1519.0,1521.4,0,26.6
M01763,2026-01-23 20:30:44,31,0,1538.0,1652.8,1,26.8
M01764,2026-01-07 02:31:48,27,0,1621.0,1332.8,1,26.9
M01765,2026-01-15 11:11:21,31,0,1601.6,1682.6,1,26.9
M01766,2026-08-08 09:11:27,29,0,1673.8,1669.6,1,26.7
M01767,2026-03-02 07:39:04,23,0,1525.0,1642.8,1,26.9
M01768,2026-05-21 21:44:59,39,0,1633.2,1771.0,1,26.5
M01769,2026-04-20 13:04:27,26,0,1732.0,1557.2,1,26.7
M01770,2026-07-24 10:48:05,33,0,1435.6,1725.8,0,26.6
M01771,2026-05-06 15:31:29,16,0,1338.2,1600.0,0,26.9
M01772,2026-05-09 16:04:33,36,0,1674.8,1826.0,1,26.6
M01773,2026-09-12 04:43:08,37,0,1610.8,1542.0,0,26.9
M01774,2026-02-08 13:59:56,28,0,1591.0,1480.0,1,26.7
M01775,2026-08-02 11:46:54,31,0,1321.0,1767.2,0,26.9
M01776,2026-01-14 07:11:32,31,0,1511.0,1719.8,0,26.9
M01777,2026-05-03 18:08:15,24,0,1658.8,1559.4,1,26.8
M01778,2026-08-16 18:54:47,31,0,1677.2,1823.2,1,26.8
M01779,2026-06-20 23:02:23,23,0,1593.6,1600.0,0,26.8
M01780,2026-06-26 02:24:13,24,0,1594.0,1629.8,1,26.6
M01781,2026-03-09 16:08:27,35,0,1377.6,1637.6,0,26.8
M01782,2026-04-18 13:46:09,34,0,1689.4,1632.2,1,26.9
M01783,2026-04-05 05:04:19,24,0,1547.8,1841.6,0,26.5
M01784,2026-05-15 00:15:42,24,1,1609.0,1518.8,0,26.7
M01785,2026-04-29 19:01:18,24,0,1699.6,1788.6,1,26.9
M01786,2026-03-26 00:18:32,32,0,1525.8,1594.4,0,26.6
M01787,2026-03-20 12:12:15,22,0,1538.4,1430.0,1,26.7
M01788,2026-03-06 11:15:38,30,0,1761.4,1364.6,1,26.7
M01789,2026-04-04 19:36:41,32,0,1681.2,1490.8,1,26.7
M01790,2026-02-08 12:50:20,27,0,1689.0,1392.8,1,26.7
M01791,2026-08-13 03:08:21,34,0,1507.4,1436.4,0,26.9
M01792,2026-06-04 17:52:20,26,0,1402.8,1696.4,0,26.8
M01793,2026-02-04 09:11:40,27,0,1508.6,1768.6,0,26.7
M01794,2026-06-28 07:43:27,22,0,1652.6,1518.0,0,26.7
M01795,2026-08-06 20:24:24,34,0,1613.8,1548.8,1,26.9
M01796,2026-03-03 01:07:12,23,0,1764.4,1717.4,1,26.8
M01797,2026-02-08 16:54:16,30,0,1711.6,1503.4,1,26.9
M01798,2026-01-03 05:09:04,28,0,1624.4,1503.4,1,26.9
M01799,2026-01-13 03:26:24,22,0,1561.0,1183.4,0,26.9
M01800,2026-07-15 21:33:58,24,0,1691.8,1441.8,1,26.6
